date;Afghanistan;Albania;Algeria;Andorra;Angola;Antigua and Barbuda;Argentina;Armenia;Australia;Austria;Azerbaijan;Bahamas;Bahrain;Bangladesh;Barbados;Belarus;Belgium;Belize;Benin;Bhutan;Bolivia;Bosnia and Herzegovina;Botswana;Brazil;Brunei;Bulgaria;Burkina Faso;Burma;Burundi;Cabo Verde;Cambodia;Cameroon;Canada;Central African Republic;Chad;Chile;China;Colombia;Comoros;Congo (Brazzaville);Congo (Kinshasa);Costa Rica;Cote d'Ivoire;Croatia;Cuba;Cyprus;Czechia;Denmark;Diamond Princess;Djibouti;Dominica;Dominican Republic;Ecuador;Egypt;El Salvador;Equatorial Guinea;Eritrea;Estonia;Eswatini;Ethiopia;Fiji;Finland;France;Gabon;Gambia;Georgia;Germany;Ghana;Greece;Grenada;Guatemala;Guinea;Guinea-Bissau;Guyana;Haiti;Holy See;Honduras;Hungary;Iceland;India;Indonesia;Iran;Iraq;Ireland;Israel;Italy;Jamaica;Japan;Jordan;Kazakhstan;Kenya;Korea, South;Kosovo;Kuwait;Kyrgyzstan;Laos;Latvia;Lebanon;Lesotho;Liberia
2020-01-22;0;0;0;0;0;0;0;0;0;0;0;0;0;0;0;0;0;0;0;0;0;0;0;0;0;0;0;0;0;0;0;0;0;0;0;0;548;0;0;0;0;0;0;0;0;0;0;0;0;0;0;0;0;0;0;0;0;0;0;0;0;0;0;0;0;0;0;0;0;0;0;0;0;0;0;0;0;0;0;0;0;0;0;0;0;0;0;2;0;0;0;1;0;0;0;0;0;0;0;0
2020-01-23;0;0;0;0;0;0;0;0;0;0;0;0;0;0;0;0;0;0;0;0;0;0;0;0;0;0;0;0;0;0;0;0;0;0;0;0;643;0;0;0;0;0;0;0;0;0;0;0;0;0;0;0;0;0;0;0;0;0;0;0;0;0;0;0;0;0;0;0;0;0;0;0;0;0;0;0;0;0;0;0;0;0;0;0;0;0;0;2;0;0;0;1;0;0;0;0;0;0;0;0
2020-01-24;0;0;0;0;0;0;0;0;0;0;0;0;0;0;0;0;0;0;0;0;0;0;0;0;0;0;0;0;0;0;0;0;0;0;0;0;920;0;0;0;0;0;0;0;0;0;0;0;0;0;0;0;0;0;0;0;0;0;0;0;0;0;2;0;0;0;0;0;0;0;0;0;0;0;0;0;0;0;0;0;0;0;0;0;0;0;0;2;0;0;0;2;0;0;0;0;0;0;0;0
2020-01-25;0;0;0;0;0;0;0;0;0;0;0;0;0;0;0;0;0;0;0;0;0;0;0;0;0;0;0;0;0;0;0;0;0;0;0;0;1406;0;0;0;0;0;0;0;0;0;0;0;0;0;0;0;0;0;0;0;0;0;0;0;0;0;3;0;0;0;0;0;0;0;0;0;0;0;0;0;0;0;0;0;0;0;0;0;0;0;0;2;0;0;0;2;0;0;0;0;0;0;0;0
2020-01-26;0;0;0;0;0;0;0;0;4;0;0;0;0;0;0;0;0;0;0;0;0;0;0;0;0;0;0;0;0;0;0;0;1;0;0;0;2075;0;0;0;0;0;0;0;0;0;0;0;0;0;0;0;0;0;0;0;0;0;0;0;0;0;3;0;0;0;0;0;0;0;0;0;0;0;0;0;0;0;0;0;0;0;0;0;0;0;0;4;0;0;0;3;0;0;0;0;0;0;0;0
2020-01-27;0;0;0;0;0;0;0;0;5;0;0;0;0;0;0;0;0;0;0;0;0;0;0;0;0;0;0;0;0;0;1;0;1;0;0;0;2877;0;0;0;0;0;0;0;0;0;0;0;0;0;0;0;0;0;0;0;0;0;0;0;0;0;3;0;0;0;1;0;0;0;0;0;0;0;0;0;0;0;0;0;0;0;0;0;0;0;0;4;0;0;0;4;0;0;0;0;0;0;0;0
2020-01-28;0;0;0;0;0;0;0;0;5;0;0;0;0;0;0;0;0;0;0;0;0;0;0;0;0;0;0;0;0;0;1;0;2;0;0;0;5509;0;0;0;0;0;0;0;0;0;0;0;0;0;0;0;0;0;0;0;0;0;0;0;0;0;4;0;0;0;4;0;0;0;0;0;0;0;0;0;0;0;0;0;0;0;0;0;0;0;0;7;0;0;0;4;0;0;0;0;0;0;0;0
2020-01-29;0;0;0;0;0;0;0;0;6;0;0;0;0;0;0;0;0;0;0;0;0;0;0;0;0;0;0;0;0;0;1;0;2;0;0;0;6087;0;0;0;0;0;0;0;0;0;0;0;0;0;0;0;0;0;0;0;0;0;0;0;0;1;5;0;0;0;4;0;0;0;0;0;0;0;0;0;0;0;0;0;0;0;0;0;0;0;0;7;0;0;0;4;0;0;0;0;0;0;0;0
2020-01-30;0;0;0;0;0;0;0;0;9;0;0;0;0;0;0;0;0;0;0;0;0;0;0;0;0;0;0;0;0;0;1;0;2;0;0;0;8141;0;0;0;0;0;0;0;0;0;0;0;0;0;0;0;0;0;0;0;0;0;0;0;0;1;5;0;0;0;4;0;0;0;0;0;0;0;0;0;0;0;0;1;0;0;0;0;0;0;0;11;0;0;0;4;0;0;0;0;0;0;0;0
2020-01-31;0;0;0;0;0;0;0;0;9;0;0;0;0;0;0;0;0;0;0;0;0;0;0;0;0;0;0;0;0;0;1;0;4;0;0;0;9802;0;0;0;0;0;0;0;0;0;0;0;0;0;0;0;0;0;0;0;0;0;0;0;0;1;5;0;0;0;5;0;0;0;0;0;0;0;0;0;0;0;0;1;0;0;0;0;0;2;0;15;0;0;0;11;0;0;0;0;0;0;0;0
2020-02-01;0;0;0;0;0;0;0;0;12;0;0;0;0;0;0;0;0;0;0;0;0;0;0;0;0;0;0;0;0;0;1;0;4;0;0;0;11891;0;0;0;0;0;0;0;0;0;0;0;0;0;0;0;0;0;0;0;0;0;0;0;0;1;6;0;0;0;8;0;0;0;0;0;0;0;0;0;0;0;0;1;0;0;0;0;0;2;0;20;0;0;0;12;0;0;0;0;0;0;0;0
2020-02-02;0;0;0;0;0;0;0;0;12;0;0;0;0;0;0;0;0;0;0;0;0;0;0;0;0;0;0;0;0;0;1;0;4;0;0;0;16630;0;0;0;0;0;0;0;0;0;0;0;0;0;0;0;0;0;0;0;0;0;0;0;0;1;6;0;0;0;10;0;0;0;0;0;0;0;0;0;0;0;0;2;0;0;0;0;0;2;0;20;0;0;0;15;0;0;0;0;0;0;0;0
2020-02-03;0;0;0;0;0;0;0;0;12;0;0;0;0;0;0;0;0;0;0;0;0;0;0;0;0;0;0;0;0;0;1;0;4;0;0;0;19716;0;0;0;0;0;0;0;0;0;0;0;0;0;0;0;0;0;0;0;0;0;0;0;0;1;6;0;0;0;12;0;0;0;0;0;0;0;0;0;0;0;0;3;0;0;0;0;0;2;0;20;0;0;0;15;0;0;0;0;0;0;0;0
2020-02-04;0;0;0;0;0;0;0;0;13;0;0;0;0;0;0;0;1;0;0;0;0;0;0;0;0;0;0;0;0;0;1;0;4;0;0;0;23707;0;0;0;0;0;0;0;0;0;0;0;0;0;0;0;0;0;0;0;0;0;0;0;0;1;6;0;0;0;12;0;0;0;0;0;0;0;0;0;0;0;0;3;0;0;0;0;0;2;0;22;0;0;0;16;0;0;0;0;0;0;0;0
2020-02-05;0;0;0;0;0;0;0;0;13;0;0;0;0;0;0;0;1;0;0;0;0;0;0;0;0;0;0;0;0;0;1;0;5;0;0;0;27440;0;0;0;0;0;0;0;0;0;0;0;0;0;0;0;0;0;0;0;0;0;0;0;0;1;6;0;0;0;12;0;0;0;0;0;0;0;0;0;0;0;0;3;0;0;0;0;0;2;0;23;0;0;0;19;0;0;0;0;0;0;0;0
2020-02-06;0;0;0;0;0;0;0;0;14;0;0;0;0;0;0;0;1;0;0;0;0;0;0;0;0;0;0;0;0;0;1;0;5;0;0;0;30587;0;0;0;0;0;0;0;0;0;0;0;0;0;0;0;0;0;0;0;0;0;0;0;0;1;6;0;0;0;12;0;0;0;0;0;0;0;0;0;0;0;0;3;0;0;0;0;0;2;0;23;0;0;0;23;0;0;0;0;0;0;0;0
2020-02-07;0;0;0;0;0;0;0;0;15;0;0;0;0;0;0;0;1;0;0;0;0;0;0;0;0;0;0;0;0;0;1;0;7;0;0;0;34110;0;0;0;0;0;0;0;0;0;0;0;61;0;0;0;0;0;0;0;0;0;0;0;0;1;6;0;0;0;13;0;0;0;0;0;0;0;0;0;0;0;0;3;0;0;0;0;0;3;0;23;0;0;0;24;0;0;0;0;0;0;0;0
2020-02-08;0;0;0;0;0;0;0;0;15;0;0;0;0;0;0;0;1;0;0;0;0;0;0;0;0;0;0;0;0;0;1;0;7;0;0;0;36814;0;0;0;0;0;0;0;0;0;0;0;61;0;0;0;0;0;0;0;0;0;0;0;0;1;11;0;0;0;13;0;0;0;0;0;0;0;0;0;0;0;0;3;0;0;0;0;0;3;0;24;0;0;0;24;0;0;0;0;0;0;0;0
2020-02-09;0;0;0;0;0;0;0;0;15;0;0;0;0;0;0;0;1;0;0;0;0;0;0;0;0;0;0;0;0;0;1;0;7;0;0;0;39829;0;0;0;0;0;0;0;0;0;0;0;64;0;0;0;0;0;0;0;0;0;0;0;0;1;11;0;0;0;14;0;0;0;0;0;0;0;0;0;0;0;0;3;0;0;0;0;0;3;0;24;0;0;0;25;0;0;0;0;0;0;0;0
2020-02-10;0;0;0;0;0;0;0;0;15;0;0;0;0;0;0;0;1;0;0;0;0;0;0;0;0;0;0;0;0;0;1;0;7;0;0;0;42354;0;0;0;0;0;0;0;0;0;0;0;135;0;0;0;0;0;0;0;0;0;0;0;0;1;11;0;0;0;14;0;0;0;0;0;0;0;0;0;0;0;0;3;0;0;0;0;0;3;0;26;0;0;0;27;0;0;0;0;0;0;0;0
2020-02-11;0;0;0;0;0;0;0;0;15;0;0;0;0;0;0;0;1;0;0;0;0;0;0;0;0;0;0;0;0;0;1;0;7;0;0;0;44386;0;0;0;0;0;0;0;0;0;0;0;135;0;0;0;0;0;0;0;0;0;0;0;0;1;11;0;0;0;16;0;0;0;0;0;0;0;0;0;0;0;0;3;0;0;0;0;0;3;0;27;0;0;0;28;0;0;0;0;0;0;0;0
2020-02-12;0;0;0;0;0;0;0;0;15;0;0;0;0;0;0;0;1;0;0;0;0;0;0;0;0;0;0;0;0;0;1;0;7;0;0;0;44759;0;0;0;0;0;0;0;0;0;0;0;175;0;0;0;0;0;0;0;0;0;0;0;0;1;11;0;0;0;16;0;0;0;0;0;0;0;0;0;0;0;0;3;0;0;0;0;0;3;0;28;0;0;0;28;0;0;0;0;0;0;0;0
2020-02-13;0;0;0;0;0;0;0;0;15;0;0;0;0;0;0;0;1;0;0;0;0;0;0;0;0;0;0;0;0;0;1;0;7;0;0;0;59895;0;0;0;0;0;0;0;0;0;0;0;175;0;0;0;0;0;0;0;0;0;0;0;0;1;11;0;0;0;16;0;0;0;0;0;0;0;0;0;0;0;0;3;0;0;0;0;0;3;0;33;0;0;0;28;0;0;0;0;0;0;0;0
2020-02-14;0;0;0;0;0;0;0;0;15;0;0;0;0;0;0;0;1;0;0;0;0;0;0;0;0;0;0;0;0;0;1;0;7;0;0;0;66358;0;0;0;0;0;0;0;0;0;0;0;218;0;0;0;0;1;0;0;0;0;0;0;0;1;11;0;0;0;16;0;0;0;0;0;0;0;0;0;0;0;0;3;0;0;0;0;0;3;0;43;0;0;0;28;0;0;0;0;0;0;0;0
2020-02-15;0;0;0;0;0;0;0;0;15;0;0;0;0;0;0;0;1;0;0;0;0;0;0;0;0;0;0;0;0;0;1;0;7;0;0;0;68413;0;0;0;0;0;0;0;0;0;0;0;285;0;0;0;0;1;0;0;0;0;0;0;0;1;12;0;0;0;16;0;0;0;0;0;0;0;0;0;0;0;0;3;0;0;0;0;0;3;0;54;0;0;0;28;0;0;0;0;0;0;0;0
2020-02-16;0;0;0;0;0;0;0;0;15;0;0;0;0;0;0;0;1;0;0;0;0;0;0;0;0;0;0;0;0;0;1;0;7;0;0;0;70513;0;0;0;0;0;0;0;0;0;0;0;355;0;0;0;0;1;0;0;0;0;0;0;0;1;12;0;0;0;16;0;0;0;0;0;0;0;0;0;0;0;0;3;0;0;0;0;0;3;0;60;0;0;0;29;0;0;0;0;0;0;0;0
2020-02-17;0;0;0;0;0;0;0;0;15;0;0;0;0;0;0;0;1;0;0;0;0;0;0;0;0;0;0;0;0;0;1;0;8;0;0;0;72434;0;0;0;0;0;0;0;0;0;0;0;454;0;0;0;0;1;0;0;0;0;0;0;0;1;12;0;0;0;16;0;0;0;0;0;0;0;0;0;0;0;0;3;0;0;0;0;0;3;0;67;0;0;0;30;0;0;0;0;0;0;0;0
2020-02-18;0;0;0;0;0;0;0;0;15;0;0;0;0;0;0;0;1;0;0;0;0;0;0;0;0;0;0;0;0;0;1;0;8;0;0;0;74211;0;0;0;0;0;0;0;0;0;0;0;542;0;0;0;0;1;0;0;0;0;0;0;0;1;12;0;0;0;16;0;0;0;0;0;0;0;0;0;0;0;0;3;0;0;0;0;0;3;0;79;0;0;0;31;0;0;0;0;0;0;0;0
2020-02-19;0;0;0;0;0;0;0;0;15;0;0;0;0;0;0;0;1;0;0;0;0;0;0;0;0;0;0;0;0;0;1;0;8;0;0;0;74619;0;0;0;0;0;0;0;0;0;0;0;621;0;0;0;0;1;0;0;0;0;0;0;0;1;12;0;0;0;16;0;0;0;0;0;0;0;0;0;0;0;0;3;0;2;0;0;0;3;0;85;0;0;0;31;0;0;0;0;0;0;0;0
2020-02-20;0;0;0;0;0;0;0;0;15;0;0;0;0;0;0;0;1;0;0;0;0;0;0;0;0;0;0;0;0;0;1;0;8;0;0;0;75077;0;0;0;0;0;0;0;0;0;0;0;634;0;0;0;0;1;0;0;0;0;0;0;0;1;12;0;0;0;16;0;0;0;0;0;0;0;0;0;0;0;0;3;0;5;0;0;0;3;0;95;0;0;0;104;0;0;0;0;0;0;0;0
2020-02-21;0;0;0;0;0;0;0;0;15;0;0;0;0;0;0;0;1;0;0;0;0;0;0;0;0;0;0;0;0;0;1;0;9;0;0;0;75550;0;0;0;0;0;0;0;0;0;0;0;634;0;0;0;0;1;0;0;0;0;0;0;0;1;12;0;0;0;16;0;0;0;0;0;0;0;0;0;0;0;0;3;0;18;0;0;1;20;0;112;0;0;0;204;0;0;0;0;0;1;0;0
2020-02-22;0;0;0;0;0;0;0;0;15;0;0;0;0;0;0;0;1;0;0;0;0;0;0;0;0;0;0;0;0;0;1;0;9;0;0;0;77001;0;0;0;0;0;0;0;0;0;0;0;634;0;0;0;0;1;0;0;0;0;0;0;0;1;12;0;0;0;16;0;0;0;0;0;0;0;0;0;0;0;0;3;0;28;0;0;1;62;0;137;0;0;0;433;0;0;0;0;0;1;0;0
2020-02-23;0;0;0;0;0;0;0;0;15;0;0;0;0;0;0;0;1;0;0;0;0;0;0;0;0;0;0;0;0;0;1;0;9;0;0;2;77022;0;0;0;0;0;0;0;0;0;0;0;691;0;0;0;0;1;0;0;0;0;0;0;0;1;12;0;0;0;16;0;0;0;0;0;0;0;0;0;0;0;0;3;0;43;0;0;1;155;0;149;0;0;0;602;0;0;0;0;0;1;0;0
2020-02-24;1;0;0;0;0;0;0;0;15;0;0;0;1;0;0;0;1;0;0;0;0;0;0;0;0;0;0;0;0;0;1;0;10;0;0;2;77241;0;0;0;0;0;0;0;0;0;0;0;691;0;0;0;0;1;0;0;0;0;0;0;0;1;12;0;0;0;16;0;0;0;0;0;0;0;0;0;0;0;0;3;0;61;1;0;1;229;0;160;0;0;0;833;0;1;0;0;0;1;0;0
2020-02-25;1;0;1;0;0;0;0;0;15;2;0;0;23;0;0;0;1;0;0;0;0;0;0;0;0;0;0;0;0;0;1;0;11;0;0;2;77754;0;0;0;0;0;0;1;0;0;0;0;691;0;0;0;0;1;0;0;0;0;0;0;0;1;14;0;0;0;17;0;0;0;0;0;0;0;0;0;0;0;0;3;0;95;1;0;1;322;0;173;0;0;0;977;0;11;0;0;0;1;0;0
2020-02-26;1;0;1;0;0;0;0;0;15;2;0;0;33;0;0;0;1;0;0;0;0;0;0;1;0;0;0;0;0;0;1;0;11;0;0;2;78166;0;0;0;0;0;0;3;0;0;0;0;705;0;0;0;0;1;0;0;0;0;0;0;0;2;18;0;0;1;27;0;1;0;0;0;0;0;0;0;0;0;0;3;0;139;5;0;2;453;0;192;0;0;0;1261;0;26;0;0;0;2;0;0
2020-02-27;1;0;1;0;0;0;0;0;15;3;0;0;33;0;0;0;1;0;0;0;0;0;0;1;0;0;0;0;0;0;1;0;13;0;0;2;78600;0;0;0;0;0;0;3;0;0;0;1;705;0;0;0;0;1;0;0;0;1;0;0;0;2;38;0;0;1;46;0;3;0;0;0;0;0;0;0;0;0;0;3;0;245;7;0;3;655;0;218;0;0;0;1766;0;43;0;0;0;2;0;0
2020-02-28;1;0;1;0;0;0;0;0;15;3;0;0;36;0;0;1;1;0;0;0;0;0;0;1;0;0;0;0;0;0;1;0;14;0;0;2;78928;0;0;0;0;0;0;5;0;0;0;1;705;0;0;0;0;1;0;0;0;1;0;0;0;2;57;0;0;1;48;0;4;0;0;0;0;0;0;0;0;0;1;3;0;388;7;0;4;888;0;236;0;0;0;2337;0;45;0;0;0;2;0;0
2020-02-29;1;0;1;0;0;0;0;0;25;9;0;0;41;0;0;1;1;0;0;0;0;0;0;2;0;0;0;0;0;0;1;0;20;0;0;2;79356;0;0;0;0;0;0;6;0;0;0;3;705;0;0;0;0;1;0;0;0;1;0;0;0;3;100;0;0;1;79;0;4;0;0;0;0;0;0;0;0;0;1;3;0;593;13;1;7;1128;0;245;0;0;0;3150;0;45;0;0;0;4;0;0
2020-03-01;1;0;1;0;0;0;0;1;27;14;3;0;47;0;0;1;2;0;0;0;0;0;0;2;0;0;0;0;0;0;1;0;24;0;0;9;79932;0;0;0;0;0;0;7;0;0;3;4;705;0;0;1;6;2;0;0;0;1;0;0;0;6;130;0;0;3;130;0;7;0;0;0;0;0;0;0;0;0;3;3;0;978;19;1;10;1694;0;259;0;0;0;3736;0;45;0;0;0;10;0;0
2020-03-02;1;0;3;1;0;0;0;1;30;18;3;0;49;0;0;1;8;0;0;0;0;0;0;2;0;0;0;0;0;0;1;0;27;0;0;9;80136;0;0;0;0;0;0;7;0;0;3;4;705;0;0;1;6;2;0;0;0;1;0;0;0;6;191;0;0;3;159;0;7;0;0;0;0;0;0;0;0;0;6;5;2;1501;26;1;10;2036;0;278;0;0;0;4335;0;56;0;0;1;13;0;0
2020-03-03;1;0;5;1;0;0;1;1;39;21;3;0;49;0;0;1;13;0;0;0;0;0;0;2;0;0;0;0;0;0;1;0;30;0;0;10;80261;0;0;0;0;0;0;9;0;0;5;6;706;0;0;1;7;2;0;0;0;2;0;0;0;6;204;0;0;3;196;0;7;0;0;0;0;0;0;0;0;0;11;5;2;2336;32;2;12;2502;0;298;1;0;0;5186;0;56;0;0;1;13;0;0
2020-03-04;1;0;12;1;0;0;1;1;52;29;3;0;52;0;0;6;23;0;0;0;0;0;0;4;0;0;0;0;0;0;1;0;33;0;0;10;80386;0;0;0;0;0;0;10;0;0;8;11;706;0;0;1;10;2;0;0;0;2;0;0;0;6;288;0;0;3;262;0;9;0;0;0;0;0;0;0;0;2;26;28;2;2922;35;6;15;3089;0;333;1;0;0;5621;0;56;0;0;1;13;0;0
2020-03-05;1;0;12;1;0;0;1;1;55;41;6;0;55;0;0;6;50;0;0;0;0;2;0;4;0;0;0;0;0;0;1;0;37;0;0;13;80537;0;0;0;0;0;0;10;0;0;12;11;706;0;0;1;13;3;0;0;0;3;0;0;0;12;380;0;0;4;482;0;31;0;0;0;0;0;0;0;0;2;34;30;2;3513;35;6;20;3858;0;365;1;0;0;6088;0;58;0;0;1;16;0;0
2020-03-06;1;0;17;1;0;0;2;1;60;55;6;0;60;0;0;6;109;0;0;1;0;2;0;13;0;0;0;0;0;0;1;1;49;0;0;13;80690;1;0;0;0;1;0;11;0;0;18;24;706;0;0;2;13;15;0;0;0;10;0;0;0;15;656;0;0;4;670;0;45;0;0;0;0;0;0;1;0;2;43;31;4;4747;40;18;37;4636;0;420;1;0;0;6593;0;58;0;0;1;22;0;0
2020-03-07;1;0;17;1;0;0;8;1;63;79;9;0;85;0;0;6;169;0;0;1;0;3;0;13;0;0;0;0;0;0;1;1;54;0;0;13;80770;1;0;0;0;1;0;12;0;0;19;24;706;0;0;2;13;15;0;0;0;10;0;0;0;15;959;0;0;4;799;0;46;0;0;0;0;0;0;1;0;4;50;34;4;5823;54;18;43;5883;0;466;1;0;0;7041;0;61;0;0;1;22;0;0
2020-03-08;4;0;19;1;0;0;12;1;76;104;9;0;85;3;0;6;200;0;0;1;0;3;0;20;0;4;0;0;0;0;2;2;64;0;0;20;80823;1;0;0;0;5;0;12;0;0;31;37;706;0;0;5;14;49;0;0;0;10;0;0;0;23;1136;0;0;13;1040;0;73;0;0;0;0;0;0;1;0;7;50;39;6;6566;60;19;61;7375;0;499;1;0;0;7314;0;64;0;0;2;32;0;0
2020-03-09;4;2;20;1;0;0;12;1;91;131;9;0;95;3;0;6;239;0;0;1;0;3;0;25;1;4;0;0;0;0;2;2;77;0;0;20;80860;1;0;0;0;9;0;12;0;2;31;92;706;0;0;5;15;55;0;0;0;10;0;0;0;30;1219;0;0;15;1176;0;73;0;0;0;0;0;0;1;0;9;58;43;19;7161;60;21;61;9172;0;527;1;0;0;7478;0;64;0;0;6;32;0;0
2020-03-10;5;10;20;1;0;0;17;1;107;182;11;0;110;3;0;9;267;0;0;1;0;5;0;31;1;4;1;0;0;0;2;2;79;0;0;25;80887;3;0;0;0;9;0;14;0;3;41;264;706;0;0;5;15;59;0;0;0;12;0;0;0;40;1794;0;0;15;1457;0;89;0;0;0;0;0;0;1;0;9;69;56;27;8042;71;34;75;10149;0;585;1;0;0;7513;0;69;0;0;8;41;0;0
2020-03-11;7;12;20;1;0;0;19;1;128;246;11;0;195;3;0;9;314;0;0;1;2;7;0;38;11;7;2;0;0;0;3;2;108;0;0;35;80921;9;0;0;1;13;1;19;0;6;91;444;706;0;0;5;17;60;0;0;0;16;0;0;0;59;2293;0;0;24;1908;0;99;0;0;0;0;0;0;1;2;13;85;62;34;9000;71;43;79;12462;1;640;1;0;0;7755;0;72;0;0;10;61;0;0
2020-03-12;7;23;24;1;0;0;19;4;128;302;11;0;195;3;0;12;314;0;0;1;2;11;0;52;11;7;2;0;0;0;3;2;117;0;0;35;80932;9;0;0;1;22;1;19;3;6;94;617;706;0;0;5;17;67;0;0;0;16;0;0;0;59;2293;0;0;24;2078;0;99;0;0;0;0;1;0;1;2;13;103;73;34;10075;71;43;100;15113;2;696;1;0;0;7869;0;80;0;0;10;61;0;0
2020-03-13;7;33;26;1;0;1;31;8;200;504;15;0;195;3;0;27;559;0;0;1;3;13;0;151;37;23;2;0;0;0;5;2;193;0;0;55;80945;13;0;0;2;23;1;32;4;14;141;804;706;0;0;5;17;80;0;0;0;79;0;1;0;155;3681;0;0;25;3675;0;190;0;0;1;0;1;0;1;2;19;134;82;69;11364;101;90;126;17660;8;733;1;4;1;7979;0;80;0;0;17;77;0;0
2020-03-14;11;38;37;1;0;1;34;18;250;655;15;0;210;3;0;27;689;0;0;1;10;18;0;151;40;41;2;0;0;0;7;2;198;0;0;88;80977;22;0;0;2;26;1;38;4;26;189;836;706;0;0;11;28;109;0;0;0;115;1;1;0;225;4496;1;0;30;4585;3;228;0;1;1;0;1;0;1;2;30;156;102;96;12729;110;129;155;21157;8;795;1;6;1;8086;2;104;0;0;26;93;0;0
2020-03-15;16;42;48;1;0;1;45;26;297;860;23;0;214;5;0;27;886;0;0;1;10;24;0;162;50;51;3;0;0;0;7;2;252;1;0;101;81003;34;0;1;2;27;1;49;4;26;253;875;706;0;0;11;28;110;0;1;0;171;1;1;0;244;4532;1;0;33;5795;6;331;0;1;1;0;4;0;1;3;32;171;113;117;13938;116;129;213;24747;10;826;8;9;3;8162;5;112;0;0;30;110;0;0
2020-03-16;21;51;54;2;0;1;56;52;377;1018;28;1;214;8;0;36;1058;0;1;1;11;25;0;200;54;52;15;0;0;0;7;4;415;1;0;182;81033;57;0;1;2;35;1;57;4;33;298;933;706;0;0;11;37;150;0;1;0;205;1;5;0;277;6683;1;0;33;7272;6;331;0;2;1;0;4;0;1;6;39;180;119;134;14991;124;169;218;27980;10;843;17;10;3;8236;13;123;0;0;34;110;0;1
2020-03-17;22;55;60;39;0;1;68;78;452;1332;28;1;228;10;2;36;1243;0;1;1;11;26;0;321;56;67;15;0;0;0;33;10;478;1;0;228;81058;75;0;1;3;41;5;65;5;46;396;1025;706;0;0;21;58;196;0;1;0;225;1;5;0;321;7715;1;1;34;9257;7;387;0;6;1;0;7;0;1;8;50;220;142;172;16169;154;223;250;31506;12;893;34;33;3;8320;16;130;0;0;49;120;0;1
2020-03-18;22;59;74;39;0;1;79;84;568;1646;28;1;256;14;2;51;1486;0;2;1;12;38;0;372;68;92;20;0;0;0;35;10;657;1;0;265;81102;102;0;1;4;50;6;81;7;49;464;1116;712;1;0;21;111;196;0;4;0;258;1;6;0;336;9124;1;1;38;12327;7;418;0;6;1;0;7;0;1;9;58;250;156;227;17361;164;292;304;35713;13;928;52;35;3;8413;19;142;3;0;71;133;0;2
2020-03-19;22;64;87;53;0;1;97;115;681;2013;44;3;278;17;5;51;1795;0;2;1;12;63;0;621;75;94;33;0;0;0;37;13;800;1;1;265;81156;108;0;3;14;69;9;105;11;67;694;1225;712;1;0;34;199;256;1;6;0;267;1;6;1;400;10970;1;1;40;15320;11;418;0;9;1;0;7;0;1;12;73;330;194;311;18407;192;557;427;41035;15;968;69;44;7;8565;20;148;3;0;86;157;0;2
2020-03-20;24;70;90;75;1;1;128;136;791;2388;44;3;285;20;5;69;2257;0;2;2;15;89;0;793;78;127;40;0;0;1;51;20;943;3;1;461;81250;158;0;3;18;89;9;128;16;67;833;1337;712;1;0;72;367;285;1;6;0;283;1;9;1;450;12758;3;1;43;19848;16;495;0;12;1;0;7;2;1;24;85;409;244;369;19644;208;683;529;47021;16;1022;85;49;7;8652;21;159;6;0;111;163;0;2
2020-03-21;24;76;139;88;2;1;158;160;1071;2814;53;4;305;25;6;76;2815;0;2;2;19;93;0;1021;83;163;64;0;0;3;53;27;1277;3;1;592;81305;196;0;3;23;117;14;206;21;84;995;1420;712;1;0;112;506;294;3;6;1;306;1;9;1;523;14463;4;1;49;22213;19;530;0;17;2;0;7;2;1;24;103;473;330;450;20610;214;785;712;53578;16;1059;85;53;7;8799;24;176;14;0;124;187;0;3
2020-03-22;40;89;201;113;2;1;266;194;1549;3582;65;4;334;27;14;76;3401;0;2;2;24;126;0;1546;88;187;75;0;0;3;84;40;1469;3;1;687;81435;231;0;3;30;134;14;254;35;95;1120;1514;712;1;1;202;789;327;3;6;1;326;4;11;2;626;16243;5;1;54;24873;23;624;1;19;2;0;19;2;1;26;131;568;396;514;21638;233;906;883;59138;19;1104;112;60;15;8961;31;188;14;0;139;248;0;3
2020-03-23;40;104;230;133;3;3;301;235;1682;4474;72;4;377;33;17;81;3743;1;5;2;27;136;0;1924;91;201;99;0;0;3;87;56;2088;3;1;801;81498;277;0;4;36;158;25;315;40;116;1236;1572;712;3;2;245;981;366;3;9;1;352;4;11;3;700;20123;5;2;61;29056;27;695;1;20;4;0;20;6;1;30;167;588;499;579;23049;266;1125;1071;63927;19;1144;127;62;16;8961;33;189;16;0;180;267;0;3
2020-03-24;74;123;264;164;3;3;387;249;2044;5283;87;5;392;39;18;81;4269;1;6;2;29;166;0;2247;104;218;114;0;0;3;91;66;2790;3;3;977;81591;378;0;4;45;177;73;382;48;124;1394;1718;712;3;2;312;1082;402;5;9;1;369;4;12;4;792;22622;6;3;70;32986;53;743;1;21;4;0;5;7;4;30;187;648;536;686;24811;316;1329;1238;69176;21;1217;154;72;25;9037;61;191;42;2;197;318;0;3
2020-03-25;84;146;302;188;3;3;387;265;2364;5588;93;5;419;39;18;86;4937;2;6;2;32;176;0;2554;109;242;146;0;0;4;96;75;3251;3;3;1197;81661;470;0;4;48;201;80;442;57;132;1654;1862;712;11;7;392;1173;456;9;9;4;404;4;12;5;880;25600;6;3;75;37323;93;821;1;24;4;2;5;8;4;36;226;737;657;790;27017;346;1564;2369;74386;26;1314;172;81;28;9137;63;195;44;3;221;333;0;3
2020-03-26;94;174;367;224;4;7;502;290;2810;6909;122;9;458;44;18;86;6235;2;6;2;43;191;0;2985;114;264;152;0;0;4;96;75;4042;3;3;1361;81782;491;0;4;51;231;96;495;67;146;1925;2023;712;11;11;488;1403;495;13;12;6;538;6;12;5;958;29551;7;3;79;43938;132;892;7;25;4;2;5;8;4;52;261;802;727;893;29406;382;1819;2693;80589;26;1416;212;111;31;9241;71;208;44;6;244;368;0;3
2020-03-27;110;186;409;267;4;7;589;329;3143;7657;165;10;466;48;24;94;7284;2;6;3;61;237;0;3417;115;293;180;8;0;5;99;91;4682;3;3;1665;81897;539;0;4;51;263;101;586;80;162;2279;2200;712;12;11;581;1595;536;13;12;6;575;9;16;5;1041;33402;7;3;83;50871;137;966;7;28;8;2;5;8;4;68;300;890;887;1046;32332;458;2121;3035;86498;26;1530;235;150;31;9332;86;225;58;6;280;391;0;3
2020-03-28;110;197;454;308;5;7;690;407;3640;8271;182;10;476;48;26;94;9134;2;6;3;74;258;0;3904;120;331;207;8;0;5;99;91;5576;3;3;2015;81999;608;0;4;65;295;101;657;119;179;2631;2366;712;14;11;719;1823;576;19;12;6;645;9;16;5;1167;38105;7;3;90;57695;141;1061;7;34;8;2;8;8;6;95;343;963;987;1155;35408;506;2415;3619;92472;30;1728;246;228;38;9478;88;235;58;8;305;412;0;3
2020-03-29;120;212;511;334;7;7;745;424;3984;8788;209;11;499;48;33;94;10836;2;6;4;81;323;0;4256;126;346;222;10;0;6;103;139;6280;3;3;2245;82122;702;0;19;65;314;165;713;139;214;2817;2564;712;18;11;859;1924;609;24;12;12;679;9;21;5;1240;40708;7;4;91;62095;152;1156;9;34;16;2;8;15;6;110;408;1020;1024;1285;38309;547;2615;4247;97689;32;1907;259;284;42;9583;91;255;84;8;347;438;0;3
2020-03-30;170;223;584;370;7;7;820;482;4361;9618;273;14;515;49;33;152;11899;3;6;4;97;368;3;4579;127;359;246;14;0;6;107;139;7398;3;5;2555;82198;798;0;19;81;330;168;790;170;230;3001;2755;712;18;11;901;1962;656;30;12;12;715;9;23;5;1352;45170;7;4;103;66885;152;1212;9;36;22;8;8;15;6;139;447;1086;1251;1414;41495;630;2910;4695;101739;36;2001;268;302;50;9661;94;266;94;8;376;446;0;3
2020-03-31;174;243;716;376;7;7;1054;532;4559;10180;298;14;567;51;34;152;12775;3;9;4;107;420;4;5717;129;399;261;15;2;6;109;193;8527;3;7;2844;82279;906;0;19;98;347;179;867;186;262;3308;3039;712;30;12;1109;2240;710;32;12;15;745;9;26;5;1418;52827;16;4;110;71808;161;1314;9;38;22;8;12;15;6;141;492;1135;1397;1528;44605;694;3235;5358;105792;36;2255;274;343;59;9786;106;289;107;9;398;470;0;3
2020-04-01;237;259;847;390;8;7;1054;571;4862;10711;359;21;569;54;34;163;13964;3;13;4;115;459;4;6836;131;422;282;15;2;6;109;233;9560;3;7;3137;82361;1065;0;19;109;375;190;963;212;320;3508;3290;712;33;12;1284;2748;779;32;15;15;779;9;29;5;1446;57749;18;4;117;77872;195;1415;9;39;30;9;19;16;6;172;525;1220;1998;1677;47593;728;3447;6092;110574;44;2535;278;380;81;9887;112;317;111;10;446;479;0;6
2020-04-02;273;277;986;428;8;9;1133;663;5116;11129;400;24;643;56;46;304;15348;3;13;5;123;533;4;8044;133;457;288;20;3;6;110;306;11284;3;8;3510;82432;1161;0;22;134;396;194;1011;233;356;3858;3573;712;40;12;1380;3163;865;41;15;22;858;9;29;7;1518;59929;21;4;134;84794;204;1544;10;47;52;9;19;16;7;219;585;1319;2543;1790;50468;772;3849;6857;115242;47;2818;299;435;110;9976;125;342;116;10;458;494;0;6
2020-04-03;281;304;1171;439;8;15;1265;736;5330;11524;443;24;672;61;51;351;16770;4;16;5;132;579;4;9056;134;485;302;20;3;6;114;509;12437;8;8;3843;82511;1267;0;22;134;416;218;1079;269;396;4091;3946;712;49;12;1488;3368;985;46;16;22;961;9;35;7;1615;65202;21;4;155;91159;205;1613;12;50;73;15;23;18;7;222;623;1364;2567;1986;53183;820;4273;7428;119827;47;3154;310;464;122;10062;126;417;130;10;493;508;0;7
2020-04-04;299;333;1251;466;10;15;1451;770;5550;11781;521;28;688;70;52;440;18431;4;16;5;139;624;4;10360;135;503;318;21;3;7;114;555;12978;8;9;4355;82543;1406;0;22;154;435;245;1126;288;426;4472;4269;712;50;14;1488;3465;1070;56;16;29;1039;9;38;12;1882;69500;21;4;162;96092;205;1673;12;61;111;18;23;20;7;264;678;1417;3082;2092;55743;878;4604;7851;124632;53;3525;323;531;126;10156;135;479;144;10;509;520;0;10
2020-04-05;349;361;1320;501;14;15;1451;822;5687;12051;584;28;700;88;56;562;19691;5;22;5;157;654;6;11130;135;531;345;21;3;7;114;650;15756;8;9;4665;82602;1485;0;45;154;454;261;1182;320;446;4587;4561;712;59;14;1745;3646;1173;62;16;29;1097;9;43;12;1927;71412;21;4;174;100123;214;1735;12;61;121;18;24;21;7;268;733;1486;3588;2273;58226;961;4994;8430;128948;58;3876;345;584;142;10237;140;556;147;11;533;527;0;13
2020-04-06;367;377;1423;525;16;15;1554;833;5797;12297;641;29;756;123;60;700;20814;7;26;5;183;674;6;12161;135;549;364;22;3;7;114;658;16563;8;9;5009;82665;1579;0;45;161;467;323;1222;350;465;4822;4875;712;90;15;1828;3747;1322;69;16;31;1108;10;44;14;2176;75343;24;4;188;103374;214;1755;12;70;128;18;31;24;7;298;744;1562;4778;2491;60500;1031;5364;8904;132547;58;4110;349;662;158;10284;145;665;216;12;542;541;0;14
2020-04-07;423;383;1468;545;17;19;1628;853;5895;12639;717;33;811;164;63;861;22194;7;26;5;194;764;6;14034;135;577;384;22;3;7;115;658;17872;8;10;5310;82718;1780;0;45;180;483;349;1282;396;494;5017;5266;712;90;15;1956;3747;1450;78;16;31;1149;10;52;15;2308;79163;30;4;196;107663;287;1832;12;77;144;33;33;25;7;305;817;1586;5311;2738;62589;1122;5709;9248;135586;63;4485;353;697;172;10331;165;743;228;14;548;548;0;14
2020-04-08;444;400;1572;564;19;19;1715;881;6010;12942;822;40;823;218;63;1066;23403;8;26;5;210;804;6;16170;135;593;414;22;3;7;117;730;19141;8;10;5740;82809;2054;0;45;180;502;384;1343;457;526;5312;5597;712;135;15;2111;4450;1560;93;18;33;1185;12;55;15;2487;83057;34;4;211;113296;313;1884;12;87;164;33;37;27;8;312;895;1616;5916;2956;64586;1202;6074;9404;139422;63;5020;358;727;179;10384;184;855;270;15;577;576;0;31
2020-04-09;484;409;1666;583;19;19;1795;921;6108;13244;926;41;887;330;66;1486;24983;9;26;5;264;858;13;18092;135;618;443;23;3;7;119;730;20654;8;11;6166;82883;2223;0;60;180;539;444;1407;515;564;5569;5830;712;135;15;2349;4965;1699;103;18;33;1207;12;56;15;2605;87366;44;4;218;118181;378;1955;12;95;194;36;37;30;8;343;980;1648;6725;3293;66220;1232;6574;9968;143626;63;5614;372;781;184;10423;224;910;280;16;589;582;0;31
2020-04-10;521;416;1761;601;19;19;1975;937;6215;13555;991;42;925;424;67;1981;26667;10;35;5;268;901;13;19638;136;635;443;27;3;7;119;820;22059;8;11;6695;82941;2473;0;60;215;558;444;1495;564;595;5732;6014;712;150;16;2620;7161;1794;117;18;34;1258;12;65;16;2769;91738;44;4;234;122171;378;2011;14;126;212;36;37;31;8;382;1190;1675;7598;3512;68192;1279;8089;10408;147577;63;6250;372;812;189;10450;227;993;298;16;612;609;0;37
2020-04-11;555;433;1825;601;19;21;1975;967;6303;13806;1058;46;1040;482;68;2226;28018;13;35;5;275;946;13;20727;136;661;484;38;5;8;120;820;23316;8;11;7366;83014;2709;0;60;223;577;533;1534;620;616;5831;6191;712;187;16;2759;7257;1939;118;18;34;1304;12;69;16;2905;94863;46;9;242;124908;408;2081;14;137;250;38;45;33;8;392;1310;1689;8446;3842;70029;1318;8928;10743;152271;65;6951;381;865;191;10480;250;1154;339;18;630;619;0;48
2020-04-12;607;446;1914;638;19;21;2142;1013;6315;13945;1098;46;1136;621;71;2578;29647;14;35;5;300;1009;13;22192;136;675;497;41;5;8;122;820;24299;8;18;7652;83134;2776;0;60;234;595;574;1600;669;633;5991;6369;712;214;16;2967;7466;2065;125;21;34;1309;14;71;16;2974;121712;49;9;257;127854;566;2114;14;155;250;38;45;33;8;393;1410;1701;9205;4241;71686;1352;9655;11145;156363;69;7473;389;951;197;10512;283;1234;377;19;651;630;0;50
2020-04-13;665;467;1983;646;19;23;2208;1039;6351;14041;1148;47;1361;803;72;2919;30589;18;35;5;330;1037;13;23430;136;685;497;62;5;10;122;820;25680;11;23;7964;83213;2852;0;60;235;612;626;1650;726;662;6059;6513;712;298;16;3167;7529;2190;137;21;34;1332;15;74;16;3064;125394;57;9;272;130072;566;2145;14;156;319;38;45;40;8;397;1458;1711;10453;4557;73303;1378;10647;11586;159516;73;7773;391;1091;208;10537;362;1300;419;19;655;632;0;59
2020-04-14;714;475;2070;659;19;23;2277;1067;6415;14226;1197;49;1528;1012;72;3281;31119;18;35;5;354;1083;13;25262;136;713;528;63;5;11;122;848;27035;11;23;8356;83306;2979;0;60;241;618;638;1704;766;695;6111;6706;712;363;16;3286;7603;2350;149;41;34;1373;15;82;16;3161;130365;57;9;300;131359;636;2170;14;167;363;38;47;40;8;407;1512;1720;11487;4839;74877;1400;11479;12046;162488;73;8277;397;1232;216;10564;377;1355;430;19;657;641;0;59
2020-04-15;784;494;2160;673;19;23;2443;1111;6440;14336;1253;49;1671;1231;73;3728;33573;18;35;5;397;1110;13;28320;136;747;542;74;5;56;122;848;28209;12;23;8712;83356;3105;0;117;254;626;638;1741;814;715;6216;6876;712;435;16;3614;7858;2505;159;51;35;1400;15;85;16;3237;133585;80;9;306;134753;636;2192;14;180;404;43;55;41;8;419;1579;1727;12322;5136;76389;1415;12547;12501;165155;125;8835;401;1295;225;10591;387;1405;449;19;666;658;0;59
2020-04-16;840;518;2268;673;19;23;2571;1159;6462;14476;1283;53;1700;1572;75;4204;34809;18;35;5;441;1167;15;30425;136;800;546;85;5;56;122;996;30809;12;27;9246;83403;3233;0;117;267;642;654;1791;862;735;6433;7074;712;591;16;3755;8225;2673;164;51;35;1434;16;92;17;3369;146075;80;9;348;137698;641;2207;14;196;438;43;55;41;8;426;1652;1739;13430;5516;77995;1434;13271;12758;168941;143;9398;402;1402;234;10613;423;1524;466;19;675;663;0;59
2020-04-17;906;539;2418;696;19;23;2669;1201;6522;14595;1340;54;1740;1838;75;4779;36138;18;35;5;465;1214;15;33682;136;846;557;88;5;56;122;996;32814;12;27;9691;83760;3439;0;143;287;649;688;1814;923;750;6549;7268;712;732;16;4126;8450;2844;177;79;35;1459;16;96;17;3489;148084;108;9;370;141397;641;2224;14;214;477;43;63;43;8;442;1763;1754;14352;5923;79494;1482;13980;12982;172434;143;9958;407;1546;246;10635;449;1658;489;19;682;668;0;76
2020-04-18;933;548;2534;704;24;23;2758;1248;6568;14671;1373;55;1773;2144;75;5297;37183;18;35;5;493;1268;15;36658;137;878;565;98;5;58;122;1017;34356;12;33;10598;83787;3621;0;143;307;655;801;1832;986;761;6606;7437;712;732;16;4335;9022;3032;190;79;39;1512;22;105;17;3681;148086;108;9;388;143342;834;2235;14;235;518;46;63;44;8;457;1834;1760;15722;6248;80868;1513;14758;13265;175925;163;10548;413;1615;262;10653;480;1751;506;19;712;672;0;76
2020-04-19;996;562;2629;713;24;23;2839;1291;6610;14749;1398;55;1881;2456;75;5807;38496;18;35;5;520;1285;20;38654;138;894;576;111;5;61;122;1017;35633;12;33;10956;83805;3792;0;143;327;660;847;1871;1035;767;6746;7580;712;846;16;4680;9468;3144;201;79;39;1528;22;108;17;3783;153011;109;10;394;145184;1042;2235;14;257;579;50;65;47;8;472;1916;1771;17615;6575;82211;1539;15251;13491;178972;173;10914;417;1676;270;10661;510;1915;554;19;727;673;0;91
2020-04-20;1026;584;2718;717;24;23;2941;1339;6623;14795;1436;60;1907;2948;75;6264;39983;18;54;5;564;1309;20;40743;138;929;581;119;5;67;122;1163;37658;12;33;11375;83817;3977;0;160;332;662;847;1881;1087;772;6900;7711;712;846;16;4964;10128;3333;218;79;39;1535;24;111;18;3868;155393;120;10;402;147065;1042;2245;14;289;622;50;65;57;9;477;1984;1773;18539;6760;83505;1574;15652;13713;181228;223;11258;425;1852;281;10674;561;1995;568;19;739;677;0;99
2020-04-21;1092;609;2811;717;24;23;3031;1401;6645;14873;1480;65;1973;3382;75;6723;40956;18;54;6;598;1342;20;43079;138;975;600;121;5;68;122;1163;39402;14;33;11700;83853;4149;0;165;350;669;916;1908;1137;784;7033;7891;712;945;16;5044;10398;3490;225;83;39;1552;31;114;18;4014;158168;156;10;408;148291;1042;2401;14;294;688;50;66;57;9;494;2098;1778;20080;7135;84802;1602;16040;13942;183957;223;11641;428;1995;296;10683;598;2080;590;19;748;677;0;101
2020-04-22;1176;634;2910;723;25;24;3144;1473;6652;14925;1518;65;2027;3772;75;7281;41889;18;54;6;609;1368;22;45757;138;1024;609;123;11;73;122;1163;41663;14;33;12164;83868;4356;0;186;359;681;952;1950;1189;790;7132;8108;712;974;16;5300;10850;3659;237;84;39;1559;31;116;18;4129;155980;166;10;416;150648;1154;2408;15;316;761;50;67;62;9;510;2168;1785;21370;7418;85996;1631;16671;14498;187327;233;12037;435;2135;303;10694;604;2248;612;19;761;682;0;101
2020-04-23;1279;663;3007;723;25;24;3435;1523;6662;15002;1548;72;2217;4186;76;8022;42797;18;54;7;703;1413;22;50036;138;1097;616;139;11;82;122;1334;43299;16;33;12680;83884;4561;0;186;377;686;1004;1981;1235;795;7187;8271;712;986;16;5543;11183;3891;250;84;39;1592;31;116;18;4284;158303;167;10;425;153129;1154;2463;15;384;862;50;70;72;9;519;2284;1789;23077;7775;87026;1677;17607;14803;189973;257;12469;437;2289;320;10708;630;2399;631;19;778;688;0;101
2020-04-24;1351;678;3127;731;25;24;3607;1596;6677;15071;1592;73;2518;4689;77;8773;44293;18;54;7;807;1421;22;54043;138;1234;629;144;11;88;122;1430;44919;16;40;13174;83899;4881;0;200;394;687;1077;2009;1285;804;7273;8408;712;999;16;5749;22719;4092;274;214;39;1605;36;117;18;4395;159952;172;10;444;154999;1279;2490;15;430;954;52;73;72;9;591;2443;1789;24530;8211;88194;1708;18184;15058;192994;288;12854;441;2482;336;10718;669;2614;665;19;784;696;0;117
2020-04-25;1463;712;3256;738;25;24;3780;1677;6694;15148;1617;78;2588;4998;79;9590;45325;18;54;7;866;1486;22;59324;138;1247;629;146;11;90;122;1518;46371;16;46;14537;83909;5142;0;200;416;693;1077;2016;1337;810;7352;8643;712;1008;16;5926;22719;4319;274;258;39;1635;56;122;18;4475;161644;176;10;456;156513;1279;2506;18;473;996;52;73;72;9;627;2443;1790;26283;8607;89328;1763;18561;15298;195351;305;13186;444;2601;343;10728;703;2892;665;19;804;704;0;120
2020-04-26;1531;726;3382;738;26;24;3892;1746;6714;15225;1645;80;2647;5416;79;10463;46134;18;64;7;950;1516;22;63100;138;1300;632;146;11;106;122;1621;48033;19;46;15010;83912;5379;0;200;442;695;1150;2030;1369;817;7404;8773;712;1023;16;6135;22719;4534;298;258;39;1643;59;123;18;4576;162220;176;10;486;157770;1550;2517;18;500;996;53;74;74;9;627;2500;1792;27890;8882;90481;1820;19262;15443;197675;350;13405;447;2717;355;10738;731;3075;682;19;812;707;0;124
2020-04-27;1703;736;3517;743;27;24;4003;1808;6721;15274;1678;80;2723;5913;80;11289;46687;18;64;7;1014;1565;22;67446;138;1363;635;146;11;109;122;1705;49616;19;46;15492;83918;5597;0;200;459;697;1164;2039;1389;822;7445;8896;712;1035;16;6293;23240;4782;323;258;39;1647;65;124;18;4695;165963;211;10;497;158758;1550;2534;18;530;1163;73;74;76;9;661;2583;1792;29451;9096;91472;1847;19648;15555;199414;364;13576;449;2835;363;10752;763;3288;695;19;818;710;0;124
2020-04-28;1828;750;3649;743;27;24;4127;1867;6744;15357;1717;80;2811;6462;80;12208;47334;18;64;7;1053;1585;23;73235;138;1399;638;150;11;114;122;1705;51150;50;52;16044;83940;5949;0;207;471;705;1183;2047;1437;837;7504;9049;712;1072;16;6416;24258;5042;345;315;39;1660;71;126;18;4740;169053;238;10;511;159912;1671;2566;19;530;1240;73;74;76;10;702;2649;1795;31324;9511;92584;1928;19877;15728;201505;364;13860;449;3027;374;10761;780;3440;708;19;836;717;0;141
2020-04-29;1939;766;3848;743;27;24;4285;1932;6752;15402;1766;80;2921;7103;80;13181;47859;18;64;7;1110;1677;23;79685;138;1447;641;150;11;114;122;1832;52865;50;52;16564;83944;6207;0;207;491;713;1238;2062;1467;843;7579;9206;712;1077;16;6652;24675;5268;377;315;39;1666;91;130;18;4906;166543;276;10;517;161539;1671;2576;20;557;1351;205;78;76;10;738;2727;1797;33062;9771;93657;2003;20253;15834;203591;396;14076;451;3138;384;10765;790;3740;729;19;849;721;0;141
2020-04-30;2171;773;4006;745;27;24;4428;2066;6766;15452;1804;81;3040;7667;81;14027;48519;18;64;7;1167;1757;23;87187;138;1506;645;151;11;121;122;1832;54457;50;73;17702;83956;6507;1;220;572;719;1275;2076;1501;850;7682;9356;712;1089;16;6972;24934;5537;395;315;39;1689;100;131;18;4995;167299;276;11;539;163009;2074;2591;20;599;1495;205;82;81;11;771;2775;1797;34863;10118;94640;2085;20612;15946;205463;422;14284;453;3402;396;10774;799;4024;746;19;858;725;0;141
2020-05-01;2335;782;4154;745;30;25;4532;2148;6778;15531;1854;81;3170;8238;81;14917;49032;18;90;7;1229;1781;23;92202;138;1555;649;151;11;122;122;1832;56343;72;73;18687;83959;7006;1;229;604;725;1333;2085;1537;857;7737;9509;712;1097;16;7288;26336;5895;424;315;39;1694;106;133;18;5051;167305;276;12;566;164077;2074;2612;20;644;1537;257;82;85;11;804;2863;1798;37257;10551;95646;2153;20833;16101;207428;432;14558;459;3597;411;10780;806;4377;756;19;870;729;0;152
2020-05-02;2469;789;4295;747;35;25;4681;2273;6799;15558;1894;83;3284;8790;81;15828;49517;18;90;7;1470;1839;23;97100;138;1594;652;151;15;152;122;2077;57926;72;117;21213;83959;7285;3;229;674;733;1362;2088;1611;864;7755;9605;712;1112;16;7578;27464;6193;446;315;39;1699;108;133;18;5176;168518;335;17;582;164967;2169;2620;21;688;1586;257;82;85;11;1010;2942;1798;39699;10843;96448;2219;21176;16185;209328;463;14861;460;3857;435;10793;813;4619;769;19;871;733;0;154
2020-05-03;2704;795;4474;748;35;25;4783;2386;6822;15597;1932;83;3383;9455;82;16705;49906;18;90;7;1594;1857;23;101826;138;1618;662;155;15;165;122;2077;60504;72;117;22441;83964;7668;3;229;674;739;1398;2096;1649;872;7781;9721;712;1112;16;7954;29538;6465;490;315;39;1700;112;135;18;5254;168925;335;17;589;165664;2169;2626;21;703;1586;257;82;88;11;1055;2998;1799;42505;11192;97424;2296;21506;16208;210717;469;15061;461;3920;465;10801;823;4983;795;19;879;737;0;158
2020-05-04;2894;803;4648;750;35;25;4887;2507;6847;15621;1984;83;3533;10143;82;17489;50267;18;96;7;1681;1926;23;108620;138;1652;672;161;15;175;122;2104;61957;85;117;23421;83966;7973;3;236;682;742;1432;2101;1668;874;7819;9868;712;1116;16;8235;31881;6813;555;315;39;1703;116;140;18;5327;169583;367;17;593;166152;2719;2632;21;730;1710;413;92;100;11;1178;3035;1799;46437;11587;98647;2346;21772;16246;211938;471;15229;465;4049;490;10804;851;5278;830;19;896;740;0;166
2020-05-05;3224;820;4838;751;36;25;5020;2619;6875;15650;2060;89;3720;10929;82;18350;50509;18;96;7;1802;1946;23;115455;138;1704;688;161;15;186;122;2104;63215;85;170;24794;83968;8613;3;236;705;755;1464;2112;1685;878;7896;10019;712;1120;16;8480;31881;7201;587;315;39;1711;119;145;18;5412;170687;397;17;604;167007;2719;2642;21;763;1811;413;93;101;11;1270;3065;1799;49400;12071;99970;2431;21983;16289;213013;473;15354;471;4205;535;10806;855;5804;843;19;896;741;0;170
2020-05-06;3392;832;4997;751;36;25;5208;2782;6894;15684;2127;92;3934;11719;82;19255;50781;18;96;7;1886;1987;23;126611;139;1778;729;161;15;191;122;2265;64694;94;170;25826;83970;8959;8;264;797;761;1516;2119;1703;883;7974;10136;712;1124;16;8807;31881;7588;633;439;39;1713;123;162;18;5573;174224;397;17;610;168162;3091;2663;21;798;1856;475;93;101;12;1461;3111;1799;52987;12438;101650;2480;22248;16310;214457;478;15455;473;4422;582;10810;856;6289;871;19;900;750;0;178
2020-05-07;3563;842;5182;752;36;25;5371;2884;6913;15752;2204;92;4199;12425;82;20168;51420;18;140;7;2081;2027;23;135773;141;1829;736;176;15;218;122;2267;66201;94;253;27359;83975;9456;8;264;863;765;1571;2125;1729;889;8031;10281;712;1133;16;9095;30298;7981;695;439;39;1720;153;191;18;5673;174918;504;18;615;169430;3091;2678;21;832;1927;564;93;129;12;1685;3150;1801;56351;12776;103135;2543;22385;16381;215858;488;15553;494;4578;607;10822;860;6567;895;19;909;784;0;189
2020-05-08;3778;850;5369;752;43;25;5611;3029;6918;15774;2279;92;4444;13134;83;21101;52011;18;242;7;2266;2070;23;146894;141;1872;744;177;15;230;122;2267;67674;143;260;28750;83976;10051;8;274;937;773;1602;2161;1741;891;8077;10416;712;1135;16;9376;28818;8476;742;439;39;1725;159;194;18;5738;176202;620;20;623;170588;4012;2691;21;900;2009;594;94;146;12;1771;3178;1801;59695;13112;104691;2603;22541;16436;217185;490;15640;508;4834;621;10840;861;7208;906;19;928;796;0;199
2020-05-09;4033;856;5558;754;43;25;5776;3175;6939;15833;2422;92;4774;13770;84;22052;52596;18;284;7;2437;2090;23;156061;141;1921;748;178;15;236;122;2274;68918;143;322;32208;83990;10495;11;274;937;780;1667;2176;1754;892;8095;10517;712;1189;16;9882;29071;8964;784;439;39;1733;163;210;18;5880;176782;661;20;626;171324;4263;2710;21;967;2042;641;94;151;12;1830;3213;1801;62808;13645;106220;2679;22760;16454;218268;490;15755;522;4975;649;10874;862;7623;931;19;930;809;0;199
2020-05-10;4402;868;5723;755;45;25;6034;3313;6948;15871;2519;92;4941;14657;84;22973;53081;18;319;7;2556;2117;23;162699;141;1965;751;180;15;246;122;2579;70091;143;322;33855;84010;11063;11;274;991;792;1700;2187;1766;898;8123;10627;712;1210;16;10347;29559;9400;889;439;39;1739;172;239;18;5962;177094;661;20;635;171879;4263;2716;21;1052;2146;726;104;182;12;1972;3263;1801;67161;14032;107603;2767;22996;16477;219070;502;15824;540;5090;672;10909;870;8688;1002;19;939;845;0;199
2020-05-11;4687;872;5891;755;45;25;6278;3392;6970;15882;2589;93;5236;15691;84;23906;53449;18;319;9;2831;2141;24;169594;141;1990;760;180;15;260;122;2689;71264;143;322;35052;84011;11613;11;333;1024;801;1730;2196;1783;901;8176;10711;712;1227;16;10634;29509;9746;958;439;39;1741;175;250;18;5984;177547;802;22;638;172576;4700;2726;21;1114;2146;761;109;209;12;2100;3284;1801;70768;14265;109286;2818;23135;16506;219814;505;15861;562;5207;700;10936;884;9286;1016;19;946;859;0;211
2020-05-12;4963;876;6067;758;45;25;6563;3538;6980;15961;2693;93;5531;16660;85;24873;53779;18;327;11;2964;2158;24;178214;141;2023;766;180;15;267;122;2689;72419;143;357;36710;84018;12272;11;333;1102;804;1857;2207;1804;903;8221;10789;712;1256;16;10900;30419;10093;998;439;39;1746;184;261;18;6003;178349;863;22;642;173171;5127;2744;21;1199;2298;820;113;209;12;2080;3313;1801;74292;14749;110767;2913;23242;16529;221216;507;15948;576;5279;715;10962;895;10277;1037;19;950;870;0;211
2020-05-13;5226;880;6253;760;45;25;6879;3718;6989;15997;2758;94;5816;17822;85;25825;53981;18;327;15;3148;2181;24;190137;141;2069;773;181;15;289;122;2800;73568;143;372;39370;84024;12930;11;333;1169;815;1912;2213;1810;905;8269;10865;712;1268;16;11196;30486;10431;1037;522;39;1751;187;263;18;6054;178184;1004;23;647;174098;5408;2760;21;1342;2374;836;113;234;12;2255;3341;1802;78055;15438;112725;3032;23401;16548;222104;509;15998;582;5417;737;10991;919;11028;1044;19;951;878;1;213
2020-05-14;5639;898;6442;761;48;25;7134;3860;7019;16058;2879;96;6198;18863;85;26772;54288;18;339;20;3372;2218;24;203165;141;2100;773;181;15;315;122;2954;74781;143;399;42029;84029;13610;11;391;1242;830;1971;2221;1830;907;8351;10911;712;1284;16;11320;30502;10829;1112;583;39;1758;187;272;18;6145;178994;1104;23;667;174478;5530;2770;21;1518;2473;913;113;273;12;2318;3380;1802;81997;16006;114533;3143;23827;16579;223096;509;16096;586;5571;758;11018;927;11975;1082;19;962;886;1;215
2020-05-15;6053;916;6629;761;48;25;7479;4044;7035;16109;2980;96;6583;20065;85;27730;54644;18;339;21;3577;2236;24;220291;141;2138;780;182;15;326;122;3105;75959;301;428;44531;84038;14216;11;391;1298;843;2017;2222;1840;910;8406;10989;712;1309;16;11739;31467;11228;1210;594;39;1766;190;287;18;6228;179630;1209;23;671;175233;5638;2810;22;1643;2473;913;116;310;12;2460;3417;1802;85784;16496;116635;3193;23956;16589;223885;511;16148;596;5689;781;11037;945;12860;1111;19;970;891;1;219
2020-05-16;6402;933;6821;761;48;25;7805;4283;7044;16201;3138;96;6747;20995;86;28681;54989;18;339;21;3826;2267;24;233511;141;2175;782;182;15;328;122;3105;77206;327;474;50016;84044;14939;11;391;1455;853;2061;2224;1862;914;8455;11056;712;1331;16;12110;32763;11719;1265;594;39;1770;202;306;18;6286;179630;1320;23;683;175752;5735;2819;22;1763;2658;969;117;358;12;2565;3473;1802;90648;17025;118392;3260;24048;16608;224760;517;16202;607;5850;830;11050;955;13802;1117;19;997;902;1;223
2020-05-17;6664;946;7019;761;48;25;8068;4472;7054;16242;3274;96;6956;22268;88;29650;55280;18;339;21;4088;2290;25;241080;141;2211;796;184;23;328;122;3105;78332;327;503;52369;84054;15574;11;391;1455;863;2109;2226;1872;916;8475;11125;712;1401;16;12314;33182;12229;1338;594;39;1774;203;317;18;6347;179693;1320;23;695;176369;5735;2834;22;1763;2658;990;117;456;12;2646;3509;1802;95698;17514;120198;3404;24112;16617;225435;520;16226;613;6157;887;11065;978;14850;1138;19;1008;911;1;226
2020-05-18;7072;948;7201;761;50;25;8371;4823;7068;16269;3387;96;7184;23870;88;30572;55559;18;339;21;4263;2304;25;255368;141;2235;796;191;42;328;122;3529;79411;327;519;54647;84063;16295;11;412;1538;866;2119;2228;1881;917;8586;11166;712;1518;16;12725;33582;12764;1413;719;39;1784;205;352;18;6380;180051;1432;24;701;176551;5735;2836;22;1912;2796;1032;124;533;12;2798;3535;1802;100328;18010;122492;3554;24200;16643;225886;520;16259;629;6751;912;11078;985;15691;1216;19;1009;931;1;229
2020-05-19;7653;949;7377;761;52;25;8809;5041;7072;16321;3518;96;7532;25121;90;31508;55791;18;130;21;4481;2321;25;271885;141;2259;796;193;42;335;122;3529;80493;366;545;58167;84063;16935;11;420;1629;882;2153;2232;1887;918;8647;11242;712;1618;16;13223;34151;13484;1498;825;39;1791;208;365;18;6399;180933;1502;24;707;177778;6096;2840;22;2133;2863;1038;125;533;12;2955;3556;1802;106475;18496;124603;3611;24251;16659;226699;520;16287;649;6751;963;11110;988;16764;1243;19;1012;954;1;233
2020-05-20;8145;964;7542;762;52;25;9283;5271;7081;16353;3631;97;7888;26738;90;32426;55983;18;130;21;4919;2338;25;291579;141;2292;809;199;42;349;122;3733;81575;418;565;62205;84063;17687;34;420;1731;897;2231;2234;1900;922;8721;11315;712;1828;16;13477;34854;14229;1571;890;39;1794;217;389;18;6443;181700;1567;24;713;178473;6269;2850;22;2265;2863;1089;125;596;12;2955;3598;1803;112028;19189;126949;3724;24315;16667;227364;529;16321;672;6969;1029;11122;989;17568;1270;19;1016;961;1;238
2020-05-21;8676;969;7728;762;58;25;9931;5606;7095;16404;3749;97;8174;28511;90;33371;56235;18;135;21;5187;2350;29;310087;141;2331;812;199;42;356;123;4288;82742;436;588;66169;84063;18330;34;469;1835;903;2301;2237;1908;923;8754;11380;712;2047;16;13657;35306;15003;1640;903;39;1800;220;399;18;6493;181951;1567;24;721;179021;6269;2853;22;2512;3067;1109;127;734;12;3204;3641;1803;118226;20162;129341;3877;24391;16683;228006;534;16362;684;7234;1109;11142;1003;18609;1313;19;1025;1024;1;240
2020-05-22;9216;981;7918;762;60;25;10649;5928;7099;16436;3855;97;8414;30205;90;34303;56511;18;135;21;5579;2372;30;330890;141;2372;814;199;42;362;123;4400;83947;479;611;70445;84081;19131;78;469;1945;911;2341;2243;1916;927;8813;11428;712;2270;16;13989;35828;15786;1725;960;39;1807;225;433;18;6537;182354;1728;25;723;179710;6486;2874;22;2743;3067;1114;127;812;12;3477;3678;1803;124794;20796;131652;3964;24506;16690;228658;544;16385;700;7919;1161;11165;1004;19564;1350;19;1030;1086;2;249
2020-05-23;9998;989;8113;762;61;25;11353;6302;7114;16486;3982;100;8802;32078;92;35244;56810;18;135;24;5915;2391;30;347398;141;2408;814;201;42;371;124;4400;85151;552;648;80287;84084;20177;78;487;2025;918;2366;2243;1931;927;8890;11487;712;2270;16;14422;36258;16513;1819;960;39;1821;238;494;18;6568;182694;1934;25;728;179986;6617;2876;22;3054;3176;1114;127;865;12;3477;3713;1804;131423;21745;133521;4272;24582;16712;229327;550;16410;704;7919;1192;11190;1025;20464;1365;19;1046;1097;2;255
2020-05-24;10582;998;8306;762;69;25;12076;6661;7114;16503;4122;100;9138;33610;92;36198;57092;18;191;24;6263;2401;35;363211;141;2427;814;201;42;380;124;4890;86106;604;675;83996;84095;21175;87;487;2141;930;2376;2244;1941;935;8955;11559;712;2270;16;14801;36756;17265;1915;960;39;1823;250;582;18;6579;182709;1934;25;730;180328;6683;2878;22;3424;3275;1114;135;865;12;3950;3741;1804;138536;22271;135701;4469;24639;16717;229858;552;16451;708;8531;1214;11206;1032;21302;1403;19;1047;1114;2;265
2020-05-25;11173;1004;8503;763;70;25;12628;7113;7126;16539;4271;100;9171;35585;92;37144;57342;18;191;27;6660;2406;35;374898;141;2433;832;203;42;390;124;4890;87119;652;687;88891;84102;21981;87;487;2297;951;2423;2244;1947;937;9002;11586;712;2468;16;15073;37355;17967;1983;1043;39;1824;256;655;18;6599;183067;2135;25;731;180600;6808;2882;23;3760;3275;1178;137;958;12;4189;3756;1804;144950;22750;137724;4632;24698;16734;230158;556;16472;711;8969;1286;11225;1038;21967;1433;19;1049;1119;2;265
2020-05-26;11831;1029;8697;763;70;25;13228;7402;7139;16557;4403;100;9366;36751;92;38059;57455;18;208;27;7136;2416;35;391222;141;2443;832;206;42;390;124;5436;88090;671;700;92855;84103;23003;87;487;2403;956;2477;2244;1963;939;9050;11627;712;2468;16;15264;37355;18756;2042;1043;39;1834;261;701;18;6628;182847;2238;25;732;181200;7117;2892;23;3954;3275;1178;139;1174;12;4401;3771;1804;150793;23165;139511;4848;24735;16757;230555;564;16502;718;8969;1348;11265;1038;22575;1468;19;1053;1140;2;266
2020-05-27;12456;1050;8857;763;71;25;13933;7774;7150;16591;4568;100;9692;38292;92;38956;57592;18;210;28;7768;2435;35;411821;141;2460;845;206;42;390;124;5436;88989;702;715;97183;84106;24104;87;571;2546;984;2556;2244;1974;939;9086;11680;712;2697;16;15723;38103;19666;2109;1043;39;1840;272;731;18;6692;183038;2319;25;735;181524;7303;2903;23;4145;3275;1195;139;1320;12;4640;3793;1805;158086;23851;141591;5135;24803;16793;231139;569;16528;720;9304;1471;11344;1047;23267;1520;19;1057;1161;2;266
2020-05-28;13036;1076;8997;763;74;25;14702;8216;7165;16628;4759;101;10052;40321;92;39858;57849;18;210;31;8387;2462;35;438238;141;2477;847;206;42;390;124;5436;89976;755;726;101837;84106;25366;87;571;2660;1000;2641;2245;1983;941;9140;11712;712;2914;16;16068;38471;20793;2194;1043;39;1851;279;831;18;6743;186364;2431;25;738;182196;7303;2906;23;4348;3553;1195;150;1320;12;4752;3816;1805;165386;24538;143849;5457;24841;16872;231732;569;16598;728;9576;1618;11402;1048;24112;1594;19;1061;1168;2;269
2020-05-29;13659;1099;9134;764;81;25;15419;8676;7184;16655;4989;102;10449;42844;92;40764;58061;18;224;31;8731;2485;35;465166;141;2485;847;207;42;405;124;5436;90909;874;759;105532;84123;26688;87;571;2833;1022;2750;2245;2005;942;9196;11793;712;2914;16;16531;38571;22082;2278;1306;39;1859;279;968;18;6776;186923;2613;25;746;182922;7616;2909;23;4607;3656;1256;150;1584;12;4752;3841;1805;173491;25216;146668;5873;24876;16987;232248;575;16673;730;9932;1745;11441;1052;25184;1662;19;1064;1172;2;273
2020-05-30;14525;1122;9267;764;84;25;16214;8927;7192;16685;5246;102;10793;44608;92;41658;58186;18;224;33;9592;2494;35;498440;141;2499;847;224;63;421;125;5904;91681;962;759;118720;84128;28236;106;571;2966;1047;2799;2246;2025;944;9230;11833;712;3194;16;16908;38571;23449;2395;1306;39;1865;283;1063;18;6826;188752;2655;25;757;183189;7768;2915;23;4739;3706;1256;152;1865;12;5094;3867;1806;181827;25773;148950;6179;24929;17012;232664;581;16716;734;10382;1888;11468;1064;26192;1722;19;1065;1191;2;280
2020-05-31;15205;1137;9394;764;86;26;16851;9282;7202;16731;5494;102;11398;47153;92;42556;58381;18;232;43;9982;2510;35;514849;141;2513;847;224;63;435;125;5904;92479;1011;778;123550;84146;29383;106;611;3070;1056;2833;2246;2045;944;9268;11869;712;3354;16;17285;39098;24985;2517;1306;39;1869;285;1172;18;6859;189009;2655;25;783;183410;8070;2917;23;5087;3706;1256;153;2124;12;5202;3876;1806;190609;26473;151466;6439;24990;17071;232997;586;16751;739;10858;1962;11503;1070;27043;1748;19;1066;1220;2;288
2020-06-01;15750;1143;9513;765;86;26;17415;9492;7221;16733;5662;102;11871;49534;92;43403;58517;18;243;43;10531;2524;38;526447;141;2519;847;228;63;458;125;6397;93288;1069;790;129020;84154;30493;106;611;3195;1084;2951;2246;2083;949;9302;11899;712;3569;16;17572;39098;26384;2582;1306;39;1870;293;1257;18;6885;189348;2655;25;794;183594;8070;2918;23;5336;3844;1339;153;2226;12;5362;3892;1806;198370;26940;154445;6868;25062;17169;233197;588;16787;746;11308;2021;11541;1083;27762;1817;19;1066;1233;2;296
2020-06-02;16509;1164;9626;844;86;26;18319;10009;7229;16759;5935;102;12311;52445;92;44255;58615;18;244;47;10991;2535;40;555383;141;2538;881;232;63;466;125;6585;93960;1069;803;132548;84161;31833;132;611;3326;1105;3024;2246;2092;952;9364;11934;712;3779;18;17752;40414;27536;2653;1306;39;1870;294;1344;18;6887;188582;2803;25;796;183879;8297;2937;23;5586;3886;1339;153;2226;12;5527;3921;1806;207191;27549;157562;7387;25066;17285;233515;590;16837;755;11571;2093;11590;1110;28649;1845;19;1071;1242;2;311
2020-06-03;17267;1184;9733;851;86;26;19268;10524;7240;16771;6260;102;12815;55140;92;45116;58685;18;244;47;11638;2551;40;584016;141;2560;884;233;63;477;125;6585;94641;1173;820;137490;84160;33354;132;611;3495;1157;3110;2246;2107;958;9438;11971;712;3935;18;18040;40966;28615;2705;1306;39;1880;295;1486;18;6911;188934;2902;26;800;184121;8548;2937;23;5760;3933;1339;153;2507;12;5690;3931;1806;216824;28233;160696;8168;25111;17377;233836;591;16867;757;12067;2216;11629;1123;29359;1871;19;1079;1256;4;316
2020-06-04;18054;1197;9831;852;86;26;20197;11221;7247;16805;6522;102;13296;57563;92;45981;58767;18;261;47;12245;2594;40;614941;141;2585;885;236;63;502;125;6789;95269;1288;828;142154;84171;35120;132;611;3644;1194;3262;2247;2119;958;9494;12011;712;4054;18;18319;40966;29767;2781;1306;39;1890;300;1636;18;6911;189701;2955;26;801;184472;8885;2952;23;6154;3991;1339;153;2640;12;5880;3954;1806;226713;28818;164270;8840;25142;17495;234013;591;16911;765;12067;2340;11668;1142;29921;1899;19;1082;1306;4;321
2020-06-05;18969;1212;9935;852;86;26;21037;11817;7252;16843;6860;102;13835;60391;92;46868;58907;19;261;48;12728;2606;40;645771;141;2627;888;236;63;536;125;7392;95947;1451;836;146361;84177;36635;132;635;3764;1228;3431;2247;2133;960;9529;12075;712;4123;18;18708;41575;31115;2849;1306;39;1910;305;1805;18;6941;190312;3101;26;805;184924;9168;2967;23;6485;4060;1368;153;2740;12;5971;3970;1806;236184;29521;167156;9846;25163;17562;234531;595;16958;784;12312;2474;11719;1147;30644;1936;19;1085;1312;4;334
2020-06-06;19551;1232;10050;852;88;26;22020;12364;7259;16898;7239;103;14383;63026;92;47751;59072;19;261;48;13358;2606;40;672846;141;2711;888;240;83;542;125;7599;96475;1570;836;160351;84186;38027;141;683;3878;1263;3557;2247;2173;960;9567;12124;712;4169;18;19195;42728;32612;2934;1306;39;1931;322;1934;18;6964;190891;3101;26;808;185450;9462;2980;23;6792;4117;1368;154;3072;12;6155;3990;1806;246622;30514;169425;11098;25183;17752;234801;596;17000;795;12511;2600;11776;1158;31131;1974;19;1086;1320;4;345
2020-06-07;20342;1246;10154;852;91;26;22794;13130;7265;16902;7553;103;14763;65769;92;48630;59226;19;261;59;13643;2606;40;691758;141;2727;889;242;83;554;126;7908;97178;1634;837;166756;84191;39236;141;683;4016;1318;3739;2247;2191;964;9628;12148;712;4207;18;19600;43120;34079;3015;1306;39;1939;333;2020;18;6981;191234;3101;26;809;185750;9638;2997;23;7055;4117;1368;154;3334;12;6327;4008;1807;257486;31186;171789;12366;25201;17863;234998;598;17039;808;12694;2767;11814;1194;31848;2007;19;1088;1331;4;359
2020-06-08;20917;1263;10265;852;92;26;23620;13325;7267;16968;7876;103;15417;68504;92;49453;59348;19;288;59;13949;2704;42;707412;141;2810;890;244;83;567;126;8060;97779;1850;839;171452;84195;40719;141;683;4106;1342;3881;2247;2200;970;9697;12162;712;4278;18;20126;43378;35444;3104;1306;39;1940;340;2156;18;7001;191445;3101;28;812;186109;9910;3049;23;7502;4216;1389;154;3538;12;6450;4014;1807;265928;32033;173832;13481;25207;18032;235278;599;17060;831;12859;2872;11852;1234;32510;2032;19;1088;1350;4;370
2020-06-09;21459;1299;10382;852;96;26;24761;13675;7274;16979;8191;103;15731;71675;92;50265;59437;20;305;59;14644;2728;42;739503;141;2889;891;246;83;585;126;8312;98241;1850;844;175365;84198;42078;141;728;4259;1375;3995;2247;2205;972;9751;12201;712;4331;18;20415;43917;36829;3191;1306;39;1947;371;2336;18;7025;191849;3247;28;818;186506;10201;3058;23;7866;4258;1389;156;3662;12;6935;4017;1807;276146;33076;175927;14268;25215;18180;235561;605;17111;845;13074;2989;11902;1263;33140;2055;19;1089;1368;4;383
2020-06-10;22142;1341;10484;852;113;26;25987;14103;7285;17005;8530;103;16200;74865;96;51066;59569;20;305;59;15281;2775;48;772416;141;2993;891;248;83;615;126;8681;98720;1888;846;181062;84209;43682;162;728;4390;1461;4181;2249;2211;974;9824;12216;712;4373;18;20808;44440;38284;3274;1306;41;1958;398;2506;18;7040;192394;3375;28;827;186522;10201;3068;23;8221;4258;1389;156;3796;12;7360;4027;1807;286605;34316;177938;15414;25231;18355;235763;605;17146;863;13319;3094;11947;1269;33823;2093;19;1092;1388;4;397
2020-06-11;22890;1385;10589;852;118;26;27373;14669;7289;17034;8882;103;16667;78052;96;51816;59711;20;305;62;16165;2832;48;802828;141;3086;892;260;85;657;126;8681;99159;1952;848;186698;84216;45212;162;728;4515;1538;4404;2249;2219;975;9855;12235;712;4398;18;21437;44440;39726;3373;1306;41;1965;449;2670;18;7064;192819;3463;28;831;186691;10358;3088;23;8561;4372;1389;158;3941;12;7669;4039;1807;297535;35295;180156;16675;25238;18569;236142;611;17187;890;13872;3215;12003;1298;34432;2166;19;1094;1402;4;410
2020-06-12;23546;1416;10698;853;130;26;28764;15281;7294;17064;9218;103;17269;81523;96;52520;59819;20;388;62;16929;2893;48;828810;141;3191;892;261;85;697;126;8681;99595;2044;848;193452;84228;46858;163;728;4637;1612;4684;2249;2233;980;9938;12299;712;4441;18;22008;45778;41303;3481;1306;41;1970;472;2915;18;7073;193546;3463;28;843;187226;10856;3108;23;8982;4426;1460;159;3941;12;8132;4053;1807;308993;36406;182525;17770;25250;18795;236305;614;17250;915;13872;3305;12051;1326;34952;2166;19;1096;1422;4;421
2020-06-13;24102;1464;10810;853;138;26;30295;16004;7320;17078;9570;103;17713;84379;96;53241;59918;20;412;66;17842;2893;60;850514;141;3266;892;261;85;726;128;8681;100043;2057;848;201634;84286;48746;176;728;4724;1662;4848;2251;2238;980;9991;12339;712;4449;18;22572;46356;42980;3603;1306;65;1973;486;3166;18;7087;194072;3463;28;851;187267;11118;3112;23;9491;4484;1460;159;4165;12;8455;4064;1808;320922;37420;184955;18950;25295;18972;236651;615;17293;953;14238;3457;12085;1384;35466;2207;19;1097;1442;4;446
2020-06-14;24766;1521;10919;853;140;26;31577;16667;7335;17109;9957;103;18227;87520;96;53973;60029;20;442;66;18459;2893;60;867624;141;3290;894;261;85;750;128;8681;100404;2057;850;208572;84335;50939;176;728;4778;1715;5084;2252;2248;983;10024;12393;712;4465;18;22962;46751;44598;3720;1306;96;1973;490;3345;18;7104;194479;3463;28;864;187518;11964;3121;23;9845;4532;1460;159;4165;12;8858;4069;1810;332424;38277;187427;20209;25303;19055;236989;617;17369;961;14496;3594;12121;1437;35920;2285;19;1097;1446;4;458
2020-06-15;25527;1590;11031;853;142;26;32785;17064;7347;17135;10324;103;19013;90619;97;54680;60100;21;483;67;19073;3040;60;888271;141;3341;894;262;85;760;128;9864;100763;2222;850;213715;84378;53063;176;883;4837;1744;5439;2254;2262;985;10064;12417;712;4501;18;23271;47322;46289;3826;1306;109;1974;506;3521;18;7108;194631;4033;30;879;187682;11964;3134;23;10272;4572;1492;159;4441;12;9178;4076;1811;343091;39294;189876;21315;25321;19237;237290;621;17439;979;15192;3727;12155;1486;36431;2472;19;1097;1464;4;498
2020-06-16;26310;1672;11147;854;148;26;34159;17489;7370;17189;10662;104;19553;94481;97;55369;60155;22;532;67;19883;3085;60;923189;141;3453;895;262;104;781;128;9864;101087;2410;853;218728;84422;54931;197;883;4974;1796;5679;2255;2273;985;10111;12450;712;4539;18;23686;47943;47856;3941;1664;121;1975;520;3630;18;7112;194975;4114;34;879;188252;12193;3148;23;10706;4639;1492;171;4547;12;9656;4077;1812;354065;40400;192439;22700;25334;19495;237500;621;17484;981;15542;3860;12198;1615;36958;2562;19;1098;1473;4;509
2020-06-17;26874;1722;11268;854;155;26;35552;18033;7391;17203;10991;104;19961;98489;97;56032;60244;22;572;67;20685;3141;79;955377;141;3542;899;262;104;792;128;9864;101491;2564;854;220628;84458;57046;197;883;5100;1871;6063;2258;2280;985;10162;12494;712;4545;18;24105;48490;49219;4066;1664;131;1977;563;3759;18;7117;195433;4229;34;888;188604;12590;3203;23;11251;4668;1492;171;4688;12;10299;4078;1812;366946;41431;195051;24254;25341;19783;237828;626;17530;987;15877;4044;12257;1756;37533;2657;19;1104;1489;4;516
2020-06-18;27532;1788;11385;855;166;26;37510;18698;7409;17223;11329;104;20430;102292;97;56657;60348;22;597;67;21499;3174;79;978142;141;3674;899;286;104;823;129;9864;101877;2605;854;225103;84494;60217;210;883;5283;1939;6444;2269;2295;985;10280;12544;712;4557;18;24645;49097;50437;4200;1664;142;1977;586;3954;18;7119;195900;4340;36;893;189817;12929;3227;23;11868;4841;1492;183;4916;12;10739;4079;1814;380532;42762;197647;25717;25355;20036;238159;638;17588;1001;15877;4257;12306;1833;38074;2657;19;1108;1495;4;542
2020-06-19;27878;1838;11504;855;172;26;39570;19157;7411;17271;11767;104;20916;105535;97;57333;60476;22;650;68;22476;3273;89;1032913;141;3755;900;286;104;848;129;10638;102314;2605;858;231393;84494;63276;210;883;5477;2058;6874;2280;2305;985;10406;12591;712;4565;18;25068;49731;52211;4329;1664;142;1979;623;4070;18;7133;196711;4428;36;896;190299;13203;3237;23;12509;4904;1541;183;4980;12;11258;4081;1815;395048;43803;200262;27352;25368;20339;238011;652;17658;1008;16779;4374;12373;1916;38678;2789;19;1110;1510;4;581
2020-06-20;28424;1891;11631;855;176;26;41204;19708;7461;17323;12238;104;21331;108775;97;57936;60550;22;650;68;23512;3273;89;1067579;141;3872;901;287;104;863;129;11610;102762;2686;858;236748;84553;65633;247;883;5672;2127;7276;2299;2309;985;10448;12591;712;4565;18;25778;49731;53758;4475;1664;143;1981;627;4469;18;7142;197352;4428;37;898;190670;13717;3256;23;12755;4960;1541;183;5077;12;12306;4086;1815;410451;45029;202584;29222;25374;20633;238275;657;17725;1015;17225;4478;12421;1998;39145;2981;19;1111;1536;4;601
2020-06-21;28833;1962;11771;855;183;26;42785;20268;7474;17341;12729;104;21764;112306;97;58505;60550;22;765;68;24388;3273;89;1083341;141;3905;903;290;144;890;129;11892;103078;2808;858;242355;84572;68652;247;883;5826;2213;7492;2317;2312;986;10498;12591;712;4582;18;26677;50640;55233;4626;1664;143;1981;635;4532;18;7143;197636;4428;37;906;191272;14154;3266;23;13145;4988;1541;184;5077;12;12769;4094;1815;425282;45891;204952;30868;25379;20778;238499;659;17780;1033;17732;4738;12438;2073;39650;3356;19;1111;1587;4;626
2020-06-22;29157;1995;11920;855;186;26;44931;20588;7492;17380;13207;104;22407;115786;97;59023;60550;23;807;68;25493;3525;89;1106470;141;3984;903;291;144;944;130;12041;103418;2963;858;246963;84624;71183;247;1087;5924;2277;7677;2336;2315;988;10523;12727;712;4599;18;27370;50640;56809;4808;1664;143;1981;643;4663;18;7144;198009;4739;41;908;191768;14154;3287;23;13769;4988;1556;205;5211;12;13356;4102;1815;440215;46845;207525;32676;25383;21082;238720;665;17820;1042;18231;4797;12484;2169;40291;3356;19;1111;1603;12;650
2020-06-23;29481;2047;12076;855;189;26;47203;21006;7521;17408;13715;104;23062;119198;97;59487;60810;23;850;70;26389;3588;89;1145906;141;4114;907;292;144;982;130;12270;103767;3051;860;250767;84653;73572;265;1087;6027;2368;7904;2366;2318;990;10650;12761;712;4617;18;27936;51643;58141;4973;1664;143;1982;674;4848;18;7155;198526;4849;42;911;192480;14568;3302;23;14540;5040;1556;206;5324;12;13943;4107;1815;456183;47896;209970;34502;25391;21512;238833;670;17879;1047;18765;4952;12535;2216;41033;3726;19;1111;1622;17;652
2020-06-24;29640;2114;12248;855;197;26;49851;21717;7558;17449;14305;104;23570;122660;97;59945;60898;23;902;70;27487;3676;92;1188631;141;4242;919;293;144;999;130;12592;104087;3099;860;254416;84673;77113;265;1087;6213;2515;8164;2388;2319;991;10777;12815;712;4630;18;28631;51643;59561;5150;1664;144;1983;690;5034;18;7167;198607;4956;42;914;192871;15013;3310;23;14819;5174;1556;209;5429;12;14571;4114;1817;473105;49009;212501;36702;25396;22044;239410;678;17963;1071;19285;5206;12563;2268;41879;3954;19;1111;1644;17;662
2020-06-25;30175;2192;12445;855;212;65;52457;22488;7595;17477;14852;104;24081;126606;97;60382;61007;23;1017;70;28503;3796;92;1228114;141;4408;934;293;144;1003;130;12592;104463;3244;863;259064;84701;80599;272;1087;6411;2684;8334;2483;2321;992;10870;12836;712;4635;18;29141;53156;61130;5336;2001;144;1984;706;5175;18;7172;198607;5087;43;917;193371;15473;3321;23;15619;5174;1556;215;5543;12;15366;4123;1818;490401;50187;215096;39139;25405;22400;239706;684;18055;1086;19750;5384;12602;2363;42788;4204;19;1111;1662;17;681
2020-06-26;30451;2269;12685;855;212;65;55343;23247;7601;17522;15369;104;24805;130474;97;60713;61106;24;1053;70;29423;3935;92;1274974;141;4513;941;293;144;1027;139;12592;104629;3340;865;263360;84725;84442;272;1087;6552;2836;8739;2539;2325;992;11038;12875;712;4643;18;29764;53856;62755;5517;2001;167;1986;728;5425;18;7191;200195;5209;43;919;194036;15834;3343;23;15828;5260;1614;215;5722;12;15994;4127;1820;508953;51427;217724;41193;25414;22800;239961;686;18162;1104;20319;5533;12653;2432;43703;4446;19;1112;1697;24;684
2020-06-27;30616;2330;12968;855;259;65;57744;23909;7686;17580;15890;104;25267;133978;97;61095;61209;24;1124;75;30676;3935;92;1313667;141;4625;941;296;170;1091;141;12592;104878;3429;865;267766;84743;88591;272;1087;6690;2979;8944;2624;2330;994;11298;12875;712;4643;18;30619;54574;63923;5727;2001;191;1986;745;5570;18;7198;200195;5209;44;921;194458;16431;3366;23;16397;5291;1614;230;5777;12;17007;4138;1820;528859;52812;220180;43262;25437;23421;240136;690;18254;1111;20319;5811;12715;2494;44391;4513;19;1115;1719;24;729
2020-06-28;30967;2402;13273;855;267;69;59933;24645;7764;17654;16424;104;25705;137787;97;61475;61295;24;1149;76;31524;3935;92;1344143;141;4691;959;299;170;1155;141;12592;105193;3429;866;271982;84757;91769;272;1087;6827;3130;9101;2691;2332;994;11603;12875;712;4643;18;31373;55255;65188;5934;2001;191;1987;781;5689;18;7198;199476;5209;45;924;194693;16742;3376;23;16930;5342;1614;230;5777;12;18082;4142;1821;548318;54010;222669;45402;25439;23755;240310;696;18366;1121;21327;6070;12757;2590;44942;5017;19;1116;1740;27;768
2020-06-29;31238;2466;13571;855;276;69;62268;25127;7834;17723;16968;104;26239;141801;97;61790;61361;24;1187;77;32125;4325;175;1368195;141;4831;959;299;170;1165;141;12592;105830;3613;866;275999;84780;95043;272;1087;6939;3269;9214;2725;2340;996;11805;12951;712;4656;18;31816;55665;66754;6173;2001;191;1987;795;5846;18;7209;201522;5394;47;926;195042;17351;3390;23;17409;5351;1654;235;5933;12;18818;4145;1822;566840;55092;225205;47151;25462;24441;240436;698;18476;1128;21819;6190;12800;2677;45524;5296;19;1117;1745;27;770
2020-06-30;31517;2535;13907;855;284;69;64530;25542;7920;17766;17524;104;26758;145483;97;62118;61427;24;1199;77;33219;4453;227;1402041;141;4989;962;299;170;1227;141;12592;106097;3745;866;279393;84785;97846;303;1087;7039;3459;9499;2777;2341;998;11954;12968;712;4682;18;32568;56432;68311;6438;2001;203;1989;812;5846;18;7214;202063;5394;49;928;195418;17741;3409;23;18096;5391;1654;245;5975;12;19558;4155;1824;585481;56385;227662;49109;25473;25244;240578;702;18615;1132;22308;6366;12850;2799;46195;5506;19;1118;1778;27;780
2020-07-01;31836;2580;14272;855;291;69;67197;26065;8001;17873;18112;104;27414;149258;97;62424;61509;28;1199;77;34227;4606;227;1448753;141;5154;962;303;170;1267;141;12592;106288;3745;866;282043;84816;102009;303;1382;7122;3753;9702;2831;2348;999;12046;12994;712;4704;18;33387;58257;69814;6736;2001;203;1989;840;5846;18;7236;202981;5513;49;931;195893;18134;3432;23;19011;5404;1654;248;6040;12;20262;4157;1825;604641;57770;230211;51524;25477;26257;240760;707;18838;1133;41065;6673;12904;2878;46940;6261;19;1121;1788;35;804
2020-07-02;32022;2662;14657;855;315;69;69941;26658;8066;17941;18684;104;27837;153277;97;62698;61598;28;1199;77;35528;4788;227;1496858;141;5315;967;304;170;1301;141;12592;106643;3788;868;284541;84830;106110;303;1382;7189;4023;9992;2912;2353;999;12178;13015;712;4715;18;34197;59468;71299;7000;3071;215;1990;873;5846;18;7241;203640;5513;55;939;196370;18134;3458;23;20072;5450;1654;250;6101;12;21120;4166;1830;625544;59394;232863;53708;25489;27047;240961;715;19055;1136;42574;6941;12967;2991;47859;6767;19;1122;1796;35;819
2020-07-03;32324;2752;15070;855;328;68;72786;27320;8260;18050;19267;104;28410;156391;97;62997;61727;30;1199;77;36818;4962;277;1539081;141;5497;980;306;191;1382;141;12592;106962;3918;871;288089;84838;109505;309;1557;7311;4311;10244;3008;2361;999;12319;13032;712;4736;18;35148;60657;72711;7267;3071;215;1991;909;5846;18;7242;204222;5620;55;943;196780;19388;3486;23;21293;5521;1765;256;6230;12;22116;4172;1830;648315;60695;235429;56020;25498;28055;241184;721;19185;1147;45719;7188;13030;3064;48672;6878;19;1122;1830;35;833
2020-07-04;32672;2819;15500;855;346;68;75376;27900;8443;18165;19801;104;28857;159679;97;63270;61838;30;1199;78;38071;4962;277;1577004;141;5677;987;313;191;1421;141;12592;107185;3969;871;291847;84857;113389;309;1557;7379;4621;10462;3094;2369;1002;12440;13032;712;4736;18;36184;61535;74035;7507;3071;215;1993;954;5846;18;7248;204222;5620;57;948;197198;19388;3511;23;22501;5570;1765;272;6294;12;22921;4174;1830;673165;62142;237878;58354;25509;29170;241419;728;19461;1150;47171;7577;13091;3178;49303;7094;19;1123;1855;35;869
2020-07-05;32951;2893;15941;855;346;68;77815;28606;8583;18280;20324;104;29367;162417;98;63554;62016;30;1199;80;39297;4962;277;1603055;141;5740;987;313;191;1451;141;12592;107394;3969;872;295532;84871;117110;311;1557;7411;4996;10772;3151;2372;1003;12515;13033;712;4792;18;37425;61958;75253;7777;3071;215;1993;988;5846;19;7253;204222;5620;57;951;197523;20085;3519;23;23248;5610;1765;273;6333;12;23943;4183;1830;697413;63749;240438;60479;25527;29958;241611;732;19668;1164;48574;7886;13137;3356;49941;7377;19;1124;1873;79;874
2020-07-06;33190;2964;16404;855;346;70;80447;28936;8755;18365;20837;104;29821;165618;98;63804;62058;30;1199;80;40509;5458;314;1623284;141;5914;1000;316;191;1463;141;12592;107815;4033;872;298557;84889;120281;311;1557;7432;5241;10966;3220;2380;1004;12566;13079;712;4822;18;38128;62380;76222;8027;3071;215;1994;1011;5846;21;7257;205597;5743;61;953;198064;21077;3562;23;23972;5610;1790;273;6371;12;24665;4189;1832;719664;64958;243051;62275;25531;30749;241819;737;19848;1167;49683;8067;13181;3508;50644;8141;19;1127;1885;91;891
2020-07-07;33384;3038;16879;855;386;70;83426;29285;8886;18421;21374;104;30321;168645;98;64003;62058;30;1199;80;41545;5621;314;1668589;141;6102;1003;316;191;1499;141;14916;108023;4071;873;301019;84917;124494;311;1557;7432;5486;11194;3272;2395;1005;12685;13089;712;4878;18;38430;63245;77279;8307;3071;215;1995;1056;5846;21;7262;206072;5743;61;958;198343;21968;3589;23;24787;5636;1790;284;6432;12;25428;4205;1833;742417;66226;245688;64701;25538;32222;241956;745;20055;1169;51059;8250;13244;3703;51245;8279;19;1134;1907;91;917
2020-07-08;33594;3106;17348;855;386;70;87030;29820;9056;18513;21916;106;30931;172134;98;64224;62123;30;1199;80;42984;5869;314;1713160;141;6342;1003;317;191;1542;141;14916;108334;4109;873;303083;84950;128638;313;1821;7432;5836;11504;3325;2399;1008;12814;13101;712;4889;18;39588;63245;78304;8566;3071;215;2003;1138;6774;21;7265;206072;5871;61;963;198699;22822;3622;23;25411;5697;1790;284;6486;12;25978;4210;1833;767296;68079;248379;67442;25542;33557;242149;751;20261;1169;51059;8528;13293;3886;52007;8847;19;1141;1946;91;926
2020-07-09;33908;3188;17808;855;396;73;90693;30346;9374;18615;22464;107;31528;175494;98;64411;62210;30;1285;80;44113;6086;314;1755779;141;6672;1005;321;191;1552;141;14916;108656;4200;873;306216;84992;133973;314;1821;7846;6485;11750;3416;2403;1010;12919;13117;712;4955;18;40790;64221;79254;8844;3071;232;2011;1213;6973;26;7273;207356;5871;63;968;199001;23463;3672;23;26658;5881;1790;286;6486;12;26384;4220;1833;793802;70736;250458;69612;25565;34825;242363;753;20617;1169;54747;8975;13338;4100;52840;9358;19;1154;2011;134;957
2020-07-10;34194;3278;18242;855;458;74;94060;30903;9553;18709;22990;108;32039;178443;98;64604;62357;37;1285;80;45565;6402;314;1800827;141;6964;1020;326;191;1591;141;14916;108984;4259;874;309274;84992;140776;314;2028;7905;6845;12052;3532;2413;1013;13001;13147;712;4968;18;41915;65018;80235;9142;3071;232;2013;1257;7120;26;7279;208015;5942;64;973;199332;23834;3732;23;27619;5969;1842;290;6617;12;27053;4223;1833;820916;72347;252720;72460;25589;36266;242639;753;21044;1173;56455;9448;13373;4307;53580;9910;19;1165;2082;184;963
2020-07-11;34366;3371;18712;855;462;74;97509;31392;9797;18783;23521;111;32470;181129;103;64767;62469;37;1378;82;47200;6719;314;1839850;141;7175;1033;330;191;1623;156;15173;109150;4288;874;312029;85071;145632;317;2028;7971;7231;12443;3672;2420;1014;13115;13147;712;4968;18;43114;67209;81158;9391;3071;232;2014;1311;7402;26;7291;208015;5942;64;981;199709;24248;3772;23;28598;6044;1842;291;6690;12;27583;4229;1833;849522;74018;255117;75194;25611;37464;242827;758;21430;1176;58253;9726;13417;4512;54058;10410;19;1173;2168;184;998
2020-07-12;34451;3454;19195;855;506;74;100166;31969;9980;18897;24041;111;32941;183795;103;64932;62707;37;1378;84;48187;6877;399;1864681;141;7252;1036;331;191;1623;156;15173;109348;4288;880;315041;85117;150445;317;2028;8033;7596;12766;3722;2426;1021;13174;13147;712;4972;18;44532;67870;82070;9674;3071;232;2014;1351;7560;26;7294;208015;5942;64;986;199919;24518;3803;23;29355;6141;1842;297;6727;12;28090;4234;1833;878254;75699;257303;77506;25628;38670;243061;758;21841;1179;58253;10105;13479;4715;54894;11117;19;1173;2334;233;1010
2020-07-13;34455;3571;19689;858;525;74;103265;32151;10251;18948;24570;113;33476;186894;103;65114;62707;37;1378;84;49250;6981;399;1884967;141;7411;1036;336;269;1698;165;15173;109984;4321;880;317657;85117;154277;317;2028;8075;8036;12872;3775;2428;1022;13238;13238;712;4977;18;45506;68459;83001;9978;3071;232;2014;1389;7766;26;7295;209640;6026;64;995;200180;24988;3826;23;29742;6141;1842;300;6727;12;28579;4247;1833;906752;76981;259652;79735;25638;40632;243230;759;22125;1183;61755;10294;13512;4931;55508;11444;19;1174;2419;245;1024
2020-07-14;34740;3667;20216;861;541;74;106910;32490;10487;19021;25113;116;34078;190057;103;65269;62781;39;1378;84;50867;6981;399;1926824;141;7645;1037;337;269;1722;165;15173;110350;4356;884;319493;85226;159898;321;2028;8135;8482;13037;3827;2432;1023;13341;13262;712;4979;18;46305;69570;83930;10303;3071;232;2015;1434;7969;26;7301;209640;6026;64;999;200456;24988;3883;23;30872;6200;1842;308;6727;12;29106;4258;1835;936181;78572;262173;81757;25670;42360;243344;762;22437;1198;63514;10791;13551;5118;56174;11444;19;1174;2451;256;1024
2020-07-15;34994;3752;20770;862;576;74;111146;33005;10810;19154;25672;119;34560;193590;104;65443;62872;39;1378;84;52218;7411;399;1966748;141;7877;1038;337;269;1780;166;15173;110693;4362;885;321205;85246;165169;321;2222;8163;8986;13403;3953;2438;1025;13475;13293;712;4985;18;47671;70329;84843;10645;3071;232;2016;1489;8181;26;7296;210568;6121;64;1004;200890;25430;3910;23;32074;6276;1842;313;6831;12;30036;4263;1835;968857;80094;264561;83867;25683;44188;243506;763;23172;1201;65188;11252;13612;5237;56877;12282;19;1178;2542;256;1056
2020-07-16;35070;3851;21355;877;607;74;114783;33559;11233;19270;26165;124;35084;196323;104;65623;63238;40;1463;86;54156;7681;522;2012151;141;8144;1038;339;303;1894;171;16157;111144;4373;886;323698;85327;173206;328;2358;8199;9546;13554;4039;2440;1031;13612;13325;712;4993;18;48743;71365;85771;10957;3071;251;2016;1552;8475;26;7293;211102;6121;78;1006;201450;26125;3939;23;32939;6359;1902;315;6948;12;30867;4279;1836;1003832;81668;267061;86148;25698;46059;243736;765;23510;1206;66895;11673;13672;5369;57668;12498;19;1179;2599;256;1070
2020-07-17;35229;3906;21948;880;638;76;119301;34001;11441;19439;26636;129;35473;199357;104;65782;63499;40;1602;87;56102;7908;522;2046328;141;8442;1045;339;310;1939;171;16157;111559;4389;887;326439;85402;182140;328;2633;8249;9969;13696;4137;2444;1033;13742;13374;712;5003;18;50113;72444;86474;11207;3071;251;2020;1619;8803;26;7301;211943;6315;78;1010;202045;26572;3964;23;33809;6430;1927;320;6975;12;31745;4293;1836;1039084;83130;269440;88171;25730;47459;243967;768;24104;1209;68703;12062;13711;5472;58221;13101;19;1185;2700;311;1085
2020-07-18;35301;4008;22549;880;687;76;122524;34462;11802;19573;27133;138;36004;202066;104;65953;63706;40;1602;87;58138;8161;522;2074860;141;8638;1047;340;310;2014;171;16157;111875;4485;889;328846;85418;190700;328;2633;8324;10551;13912;4253;2445;1037;13855;13374;712;5003;18;51519;73382;87172;11508;3071;251;2021;1729;9147;26;7318;211943;6315;93;1018;202426;27060;3983;23;38042;6491;1949;327;7053;12;32793;4315;1838;1077781;84882;271606;90220;25750;49365;244216;774;24946;1214;68703;12750;13745;5617;58904;24606;19;1189;2775;359;1088
2020-07-19;35475;4090;23084;880;705;76;126755;34877;12069;19655;27521;153;36422;204525;105;66095;63706;40;1602;89;59582;8340;522;2098389;141;8733;1052;341;310;2045;171;16157;112168;4485;889;330930;85503;197278;334;2633;8403;11114;14119;4345;2446;1038;13945;13377;712;5011;18;52855;74013;87775;11846;3071;251;2021;1793;9503;27;7335;211943;6315;93;1028;202735;27667;4007;23;38677;6544;1949;336;7053;12;33835;4333;1839;1118206;86521;273788;92530;25760;50289;244434;790;25446;1218;71838;13353;13771;5735;59204;27143;19;1192;2859;359;1091
2020-07-20;35526;4171;23691;884;749;76;130774;34981;12428;19743;27890;174;36936;207453;106;66213;64094;40;1602;90;60991;8479;522;2118646;141;8929;1065;341;322;2071;171;16157;112938;4548;889;333029;85622;204005;334;2851;8443;11534;14312;4370;2446;1038;14098;13466;712;5020;18;53956;74620;88402;12207;3071;251;2021;1826;10207;27;7340;214023;6433;112;1039;203325;28430;4012;23;39039;6590;1949;337;7053;12;34611;4339;1839;1155338;88214;276202;94693;25766;52003;244624;809;25706;1223;73468;13771;13816;5877;59763;27143;19;1192;2905;359;1107
2020-07-21;35615;4290;24278;884;779;76;136118;35254;12894;19827;28242;194;37316;210510;106;66348;64258;42;1602;92;62357;8787;522;2159654;141;9254;1065;341;328;2107;197;16522;113473;4561;889;334683;85708;211038;337;2851;8534;11811;14531;4422;2449;1040;14324;13506;712;5027;18;54797;76217;89078;12582;3071;251;2022;1894;11072;27;7351;214607;6433;112;1049;203717;28989;4048;23;40229;6652;1954;339;7100;12;35345;4347;1839;1193078;89869;278827;97159;25802;54042;244752;810;26463;1113;75153;14168;13879;6045;60434;28251;19;1193;2980;359;1108
2020-07-22;35727;4358;24872;889;812;76;141900;35693;13302;19929;28633;219;37637;213254;106;66521;64627;43;1690;92;64135;9115;522;2227514;141;9584;1066;343;328;2154;198;16522;113790;4574;889;336402;85906;218428;337;2851;8626;12361;14733;4530;2462;1040;14570;13554;712;5030;18;56043;77257;89745;12975;3071;251;2025;1938;11524;27;7362;215605;6588;146;1073;204276;29672;4077;23;41135;6747;1954;350;7167;12;36102;4366;1840;1238798;91751;281413;99865;25819;56085;245032;816;27136;1120;75153;14805;13938;6286;61185;28980;19;1197;3104;359;1114
2020-07-23;35928;4466;25484;889;851;76;148027;36162;13595;20099;28980;274;37996;216110;106;66688;64847;47;1694;92;65252;9462;592;2287475;141;9853;1070;343;345;2190;202;16522;114398;4590;915;338759;86045;226373;340;2851;8720;13129;15001;4634;2466;1045;14800;13594;712;5031;18;57615;78148;90413;13377;3071;261;2027;2021;11933;27;7372;216667;6588;170;1085;204881;29672;4110;23;42192;6806;1954;351;7197;12;36902;4380;1841;1288108;93657;284034;102226;25826;57982;245338;821;28114;1131;78486;15601;13979;6467;61872;31247;19;1203;3260;359;1117
2020-07-24;35981;4570;26159;897;880;82;153520;36613;13950;20214;29312;316;38458;218658;108;66846;65199;48;1694;92;66456;9767;686;2343366;141;10123;1075;346;345;2220;202;16708;115115;4593;915;341304;86202;233541;340;3038;8767;13669;15253;4715;2469;1047;15081;13642;712;5039;18;59077;79049;91072;13792;3071;261;2028;2073;12693;27;7380;217797;6984;216;1104;205623;31057;4135;23;43283;6867;1954;352;7260;12;37559;4398;1843;1337024;95418;286523;104711;25845;59475;245590;831;28883;1146;80226;16268;14092;6680;62625;31247;20;1205;3407;359;1135
2020-07-25;36036;4637;26764;897;916;82;158334;36996;14403;20338;29633;326;38747;221178;108;67002;65727;48;1694;92;68281;9767;686;2394513;141;10312;1086;348;361;2258;225;16708;115470;4598;915;343592;86381;240795;340;3038;8801;14600;15494;4792;2478;1053;15212;13643;712;5039;18;60896;80036;91583;14221;3071;263;2033;2142;13248;27;7388;217801;6984;277;1117;206278;31851;4166;23;44492;6927;1954;360;7297;12;38438;4424;1843;1385635;97286;288839;107573;25869;60678;245864;837;29684;1154;81720;16643;14150;6917;63309;32124;20;1206;3582;419;1155
2020-07-26;36157;4763;27357;897;932;82;162526;37317;14935;20472;30050;342;39131;223453;110;67132;66026;48;1770;95;69429;9767;686;2419091;141;10427;1086;350;361;2307;225;16708;115789;4599;915;345790;86570;248976;354;3038;8831;15229;15596;4857;2495;1057;15324;13665;712;5050;18;62908;80694;92062;14630;3071;263;2034;2207;13968;27;7393;217801;6984;277;1131;206667;32969;4193;23;45053;7008;1954;370;7315;12;39276;4435;1847;1435616;98778;291172;110032;25881;61956;246118;842;30548;1168;83122;17603;14175;7137;63773;32813;20;1219;3750;505;1162
2020-07-27;36263;4880;27973;907;950;86;167416;37390;15303;20558;30446;382;39482;226225;110;67251;66428;48;1770;99;71181;10498;739;2442375;141;10621;1100;350;378;2328;226;17110;116471;4599;922;347923;86783;257101;354;3200;8844;15841;15655;4881;2532;1060;15516;13775;712;5059;18;64156;81161;92482;15035;3071;265;2034;2316;14547;27;7398;220352;7189;326;1137;207112;33624;4227;23;45309;7055;1954;389;7340;12;39741;4448;1854;1480073;100303;293606;112585;25892;63985;246286;853;31142;1176;84648;17975;14203;7413;64379;33296;20;1219;3882;505;1167
2020-07-28;36368;4997;28615;907;1000;86;173355;37629;15582;20677;30858;447;39921;229185;110;67366;66662;48;1770;99;72327;10766;739;2483191;141;10871;1105;351;378;2354;226;17179;116871;4599;926;349800;86990;267385;354;3200;8873;16344;15713;4923;2555;1067;15799;13811;712;5068;18;64690;82279;92947;15446;3071;265;2038;2404;15200;27;7404;221077;7189;326;1145;207707;34406;4279;23;46451;7126;1954;396;7340;12;40460;4456;1857;1531669;102051;296273;115332;25929;66293;246488;855;32116;1182;86192;18581;14251;7652;65149;33844;20;1220;4023;505;1177
2020-07-29;36471;5105;29229;918;1078;91;178996;37937;16298;20850;31221;484;40311;232194;110;67518;67335;48;1805;99;73534;11127;804;2552265;141;11155;1105;351;387;2373;226;17255;117357;4605;926;351575;87213;276055;378;3200;8931;16800;15813;4993;2588;1080;16093;13868;712;5081;18;66182;83193;93356;15841;3071;265;2042;2551;15810;27;7414;221077;7352;326;1155;208546;35142;4336;23;47605;7183;1954;398;7378;12;40944;4465;1861;1581963;104432;298909;118300;25942;68299;246776;856;33382;1187;87664;19125;14269;7846;65903;34592;20;1224;4205;576;1179
2020-07-30;36542;5197;29831;922;1109;91;185373;38196;16903;20955;31560;508;40755;234889;110;67665;68006;48;1805;101;75234;11444;804;2610102;141;11420;1106;353;387;2418;234;17255;117677;4605;935;353536;87489;286020;378;3200;9010;17290;15978;5071;2597;1090;16371;13964;712;5081;18;67915;84370;93757;16230;3071;279;2051;2577;16615;27;7423;222469;7352;403;1160;209535;35142;4401;24;48826;7242;1981;401;7412;12;41426;4484;1872;1634746;106336;301530;121263;26027;70036;247158;864;35144;1191;89078;19913;14305;8104;66529;35223;20;1228;4334;604;1181
2020-07-31;36675;5276;30394;925;1148;91;191302;38550;17280;21130;31878;574;40982;237661;110;67808;68751;48;1805;101;76789;11876;804;2662485;141;11690;1106;353;387;2451;239;17255;118281;4608;936;355667;87655;295508;378;3200;9070;17820;16047;5139;2608;1114;16574;14028;712;5084;18;69649;85355;94078;16632;4821;279;2064;2648;17530;27;7432;225197;7352;498;1168;210399;35501;4477;24;49789;7308;1981;413;7424;12;42014;4505;1885;1695988;108376;304204;124609;26065;70970;247537;878;36234;1193;90367;20636;14336;8104;66957;35805;20;1231;4555;604;1186
2020-08-01;36710;5396;30950;925;1164;91;196543;38841;17895;21212;32157;599;41190;239860;122;67946;69402;56;1805;102;78793;11876;804;2707877;141;11836;1143;353;395;2480;240;17255;118523;4614;936;357658;87827;306181;386;3200;9084;18187;16109;5224;2633;1124;16699;14028;712;5084;18;71415;86232;94316;17050;4821;279;2072;2706;17999;27;7443;225198;7531;498;1171;211005;37014;4587;24;50979;7308;1981;430;7468;12;42685;4526;1893;1750723;109936;306752;126704;26109;72218;247832;883;37804;1208;90367;21363;14366;8104;67448;36299;20;1238;4730;702;1189
2020-08-02;36710;5519;31465;925;1199;91;201919;39050;18318;21304;32443;648;41536;240746;132;68067;69849;57;1805;102;80153;12296;804;2733677;141;11955;1143;353;395;2547;240;17255;118768;4614;936;359731;87985;317651;386;3200;9115;18975;16182;5260;2646;1150;16800;14028;712;5161;18;72243;86232;94483;17448;4821;279;2079;2775;18706;27;7453;225198;7531;498;1177;211220;37014;4662;24;51306;7317;1981;474;7468;12;43197;4535;1907;1803695;111455;309437;129151;26162;72815;248070;894;39116;1213;92662;22053;14389;8799;67911;36719;20;1243;4885;718;1207
2020-08-03;36747;5620;31972;937;1280;92;206743;39102;18730;21385;32684;679;41835;242102;132;68166;70314;57;1805;103;81846;12462;804;2750318;141;12159;1150;355;395;2583;240;17255;118973;4614;936;361493;88099;327850;386;3546;9133;19402;16220;5294;2670;1155;17008;14235;712;5240;18;73117;87041;94640;17843;4821;282;2080;2838;19289;27;7466;225198;7646;498;1179;212111;37812;4737;24;51542;7364;1981;474;7511;12;43794;4544;1915;1855745;113134;312035;131886;26208;74430;248229;905;40099;1218;93820;22597;14423;9049;68299;37129;20;1246;5062;718;1214
2020-08-04;36782;5750;32504;939;1344;92;213535;39298;19445;21481;32910;715;42132;244020;132;68250;70648;57;1914;105;83361;12856;804;2801921;141;12414;1153;356;395;2631;243;17718;119659;4618;938;362962;88206;334979;388;3546;9178;19837;16293;5318;2701;1180;17286;14314;712;5248;18;74295;87963;94752;18262;4821;282;2091;2856;19877;27;7483;228576;7646;671;1182;212828;37812;4855;24;52365;7489;1981;497;7511;12;44299;4553;1918;1908254;115056;314786;134722;26253;76198;248419;920;41347;1224;94882;23202;14456;9274;68774;37541;20;1249;5062;726;1216
2020-08-05;36829;5889;33055;939;1395;92;220682;39586;19890;21566;33103;751;42514;246674;133;68376;71158;86;1936;105;85141;13138;804;2859073;141;12717;1153;357;395;2689;243;17718;120033;4618;939;364723;88328;345714;388;3546;9253;20417;16349;5376;2726;1195;17529;14440;712;5330;18;75660;88866;94875;18701;4821;282;2113;2909;20336;27;7512;228576;7787;799;1197;214113;39075;4974;24;53509;7575;2032;509;7544;12;45098;4564;1926;1964536;116871;317483;137556;26303;77919;248803;928;42686;1231;95942;23873;14499;9274;69425;38110;20;1257;5417;726;1221
2020-08-06;36896;6016;33626;944;1483;92;228195;39819;20272;21696;33247;761;42889;249651;133;68503;72016;114;1936;108;86423;13396;804;2912212;141;13014;1158;357;400;2734;243;17718;120387;4620;942;366671;88460;357710;396;3546;9309;21070;16447;5404;2775;1208;17731;14586;712;5330;18;76536;90537;95006;19126;4821;282;2124;2968;20900;27;7532;231310;7787;935;1206;215039;39642;5123;24;54339;7664;2032;538;7582;12;45755;4597;1932;2027074;118753;320117;140603;26372;79559;249204;958;44167;1232;96922;24411;14519;9688;70045;38659;20;1275;5672;742;1224
2020-08-07;37015;6151;34155;955;1538;92;235677;39985;20698;21837;33376;830;43307;252502;138;68614;72784;114;1936;108;87891;13687;804;2962442;142;13209;1158;359;400;2780;246;17718;120903;4641;942;368825;88580;367204;396;3637;9355;22081;16524;5466;2829;1222;18060;14747;712;5338;18;77709;91969;95147;19544;4821;285;2133;3036;21452;27;7554;235207;7923;1090;1213;216196;40097;5270;24;55270;7777;2032;538;7599;12;46365;4621;1952;2088611;121226;322567;144064;26470;80991;249756;987;45764;1237;97829;25138;14562;9869;70727;39162;20;1281;5951;742;1230
2020-08-08;37054;6275;34693;955;1572;92;241811;40185;21084;21919;33481;878;43629;255113;138;68738;73401;146;1936;108;89055;13687;804;3012412;142;13343;1175;359;405;2835;248;18042;121148;4641;942;371023;88672;376870;399;3664;9436;22802;16620;5543;2888;1233;18235;14751;712;5338;18;78778;93572;95314;19978;4821;285;2147;3128;22253;27;7568;235208;7923;1090;1216;216903;40533;5421;24;56189;7875;2052;554;7611;12;46973;4653;1955;2153010;123503;324692;147389;26644;82324;250103;1003;47342;1246;98701;25837;14598;9869;71199;39571;20;1288;6223;742;1234
2020-08-09;37054;6411;35160;955;1672;92;246499;40410;21397;22033;33568;898;44011;257600;142;68850;74152;153;1936;110;89999;13687;804;3035422;142;13396;1175;360;408;2858;251;18042;121367;4641;944;373056;88793;387481;399;3664;9454;23286;16715;5604;2953;1242;18353;14759;712;5344;18;79732;94459;95492;20423;4821;285;2152;3236;22818;27;7584;235237;7923;1235;1225;217288;41003;5623;24;56605;7930;2052;568;7634;12;47454;4696;1958;2215074;125396;326712;150115;26712;83002;250566;1023;48782;1252;99442;26436;14626;9869;71713;39919;20;1290;6517;742;1237
2020-08-10;37162;6536;35712;963;1679;92;253868;40433;21713;22106;33647;945;44397;260507;142;68947;74620;177;1936;110;91635;14498;1066;3057470;142;13512;1204;360;408;2883;251;18042;122053;4641;945;375044;88906;397623;399;3664;9489;23872;16798;5649;3046;1252;18494;15135;712;5347;18;80499;94701;95666;20872;4821;285;2158;3309;23591;27;7601;239349;8006;1235;1250;218508;41212;5749;24;56987;7930;2052;568;7634;12;47872;4731;1962;2268675;127083;328844;153599;26768;84722;250825;1031;49617;1268;100164;26928;14660;10419;72400;40085;20;1290;6812;781;1240
2020-08-11;37269;6676;36204;963;1735;92;260911;40593;22127;22245;33731;989;44804;263503;143;69005;75008;177;2001;113;93328;14708;1066;3109630;142;13722;1211;360;408;2920;268;18213;122389;4645;946;376616;88958;410453;399;3745;9499;24508;16847;5740;3093;1277;18783;15291;712;5348;18;81094;95563;95834;21269;4821;285;2167;3410;24175;27;7623;239355;8006;1346;1264;219540;41404;5942;24;57966;8018;2088;602;7649;12;48403;4746;1968;2329638;128776;331189;156995;26801;86593;251237;1047;50302;1283;100855;27425;14714;10419;73068;40455;20;1293;7121;781;1250
2020-08-12;37345;6817;36699;977;1762;92;268574;40794;22358;22439;33824;1036;45264;266498;144;69102;75647;210;2014;113;95071;14961;1066;3164785;142;13893;1213;361;409;3000;272;18263;122703;4652;949;378168;89045;422519;399;3745;9538;25057;16847;5870;3128;1291;19075;15423;712;5358;18;82224;97110;95963;21644;4821;285;2174;3525;25118;27;7642;244088;8077;1477;1278;220859;41572;6177;24;59089;8116;2088;623;7743;12;48657;4768;1972;2396637;130718;333699;160436;26838;88151;251713;1065;51288;1303;101372;28104;14770;10419;73785;40759;20;1303;7413;798;1252
2020-08-13;37424;6971;37187;981;1815;92;276072;41023;22742;22594;33915;1089;45726;269115;144;69203;76191;296;2014;128;96459;15184;1214;3224876;142;13893;1228;369;410;3073;273;18308;123180;4652;949;380034;89144;433805;399;3745;9589;26129;16889;6050;3174;1305;19401;15590;712;5358;18;83134;98343;96108;21993;4821;285;2174;3599;26204;28;7683;244096;8077;1556;1283;222281;41725;6381;24;60284;8198;2088;631;7781;12;49042;4813;1976;2461190;132816;336324;164277;26929;89822;252235;1071;52471;1320;101848;28754;14873;10795;74486;41069;20;1307;7711;884;1252
2020-08-14;37431;7117;37664;989;1852;93;282437;41299;23035;22876;34018;1119;46052;271881;148;69308;77113;356;2014;133;97950;15535;1214;3275520;142;14243;1238;374;412;3136;273;18469;123605;4652;951;382111;89214;445111;403;3745;9605;26931;16935;6258;3229;1318;19693;15758;712;5367;18;84488;99409;96220;22314;4821;285;2177;3670;27242;28;7700;249655;8225;1623;1306;223791;41847;6632;24;61428;8260;2088;649;7810;12;49467;4853;1983;2525922;135123;338825;168290;26995;91080;252809;1082;53818;1329;102287;29334;15039;11130;75185;41373;22;1308;8045;884;1252
2020-08-15;37551;7260;38133;989;1879;93;289100;41495;23287;23179;34107;1252;46430;274525;150;69308;77869;388;2063;133;99146;15801;1214;3317096;142;14333;1240;374;412;3163;273;18469;123825;4652;952;383902;89279;456689;403;3745;9638;27737;16993;6420;3292;1332;19891;15867;712;5367;18;85545;100688;96336;22619;4821;285;2184;3745;28894;28;7720;252965;8225;1689;1321;224488;42210;6858;24;62313;8343;2117;674;7831;12;49979;4877;1999;2589952;137468;341070;172583;27191;92233;253438;1082;55051;1339;102696;29849;15318;11275;75697;41645;22;1315;8442;903;1257
2020-08-16;37596;7380;38583;989;1906;93;294569;41663;23558;23370;34219;1315;46835;276549;151;69516;78323;452;2063;138;100344;15801;1214;3340197;142;14365;1267;375;413;3179;273;18469;124004;4652;956;385946;89375;468332;405;3831;9676;28465;17026;6571;3316;1339;20012;16003;712;5369;18;86309;101542;96475;22912;4821;285;2190;3839;29876;28;7731;252965;8225;1872;1336;225007;42532;7075;24;62562;8482;2117;709;7879;12;50502;4916;2011;2647663;139549;343203;176931;27257;92680;253915;1113;56074;1378;103033;30120;15515;11275;76205;41856;22;1322;8881;903;1257
2020-08-17;37599;7499;39025;1005;1935;93;299126;41701;23773;23534;34343;1329;47185;279144;152;69589;78534;475;2063;141;101223;16111;1308;3359570;142;14500;1280;376;413;3203;273;18582;124218;4667;959;387502;89441;476660;405;3831;9706;29084;17107;6656;3364;1351;20202;16127;712;5372;18;86737;101751;96590;23193;4821;285;2192;3894;31336;28;7752;256533;8270;1872;1341;226700;42653;7222;24;62944;8620;2117;709;7897;12;50995;4946;2014;2702681;141370;345450;180133;27313;94751;254235;1129;56717;1398;103300;30365;15761;11275;76827;41991;22;1323;9337;946;1277
2020-08-18;37599;7654;39444;1005;1966;93;305966;41846;23989;23829;34474;1424;47581;282344;153;69673;78897;475;2063;147;103019;16351;1308;3407354;142;14669;1280;376;416;3253;273;18599;125084;4679;970;388855;89494;489122;406;3831;9721;29643;17150;6855;3408;1359;20483;16246;712;5374;18;87123;102941;96753;23462;4821;304;2200;3989;32722;28;7776;256534;8270;2116;1351;228120;42993;7472;24;63847;8715;2117;737;7921;12;51670;4970;2027;2767253;143043;347835;184709;27499;96409;254636;1146;57636;1438;103571;30636;16058;11545;77470;42146;22;1323;9758;946;1282
2020-08-19;37599;7812;39847;1024;2015;94;312659;42056;24236;24084;34620;1531;47950;285091;155;69801;79479;553;2095;147;105050;16691;1308;3456652;143;14820;1285;394;422;3321;273;18624;125408;4679;971;390037;89527;502178;406;3850;9741;30409;17232;7074;3482;1385;20798;16336;712;5374;18;88127;104475;96914;23717;4892;304;2207;4058;34058;28;7805;256534;8319;2288;1361;229706;43094;7684;24;64881;8792;2117;776;7949;12;52298;5002;2035;2836925;144945;350279;188802;27547;97969;255278;1192;58728;1482;103815;31015;16346;11545;78145;42325;22;1326;10347;946;1282
2020-08-20;37856;7967;40258;1024;2044;94;320884;42319;24407;24431;34759;1610;48303;287959;156;69950;80178;605;2095;153;106065;17029;1308;3501975;143;14962;1297;399;422;3368;273;18762;125625;4679;972;391849;89567;513719;417;3850;9757;31075;17249;7329;3565;1395;21045;16453;712;5374;18;89010;105508;97025;23964;4892;306;2227;4110;35836;28;7842;256534;8319;2401;1370;231292;43260;7934;24;65983;8876;2149;846;7997;12;52819;5046;2040;2905825;147211;352558;192797;27676;99599;256118;1290;59900;1498;104071;31441;16670;11545;78767;42507;22;1327;10952;996;1284
2020-08-21;37894;8119;40667;1045;2068;94;329043;42477;24602;24762;34921;1703;48661;290360;157;70111;80894;648;2095;154;107435;17396;1308;3532330;143;15131;1297;435;426;3412;273;18762;126319;4679;981;393769;89616;522138;417;3850;9802;32134;17310;7594;3582;1406;21551;16525;712;5382;18;89867;106481;97148;24200;4926;306;2244;4128;37665;28;7871;271960;8388;2437;1385;233029;43325;8138;24;66941;8932;2149;881;8016;12;53381;5098;2050;2975701;149408;354764;197085;27755;100716;257065;1346;60949;1532;104313;31763;17002;12168;79269;42703;22;1330;11580;1015;1285
2020-08-22;37953;8275;41068;1045;2134;94;336802;42616;24811;25062;35105;1765;49038;292625;158;70285;81468;668;2115;155;108427;17715;1308;3582362;143;15131;1297;441;429;3455;273;18762;126560;4679;982;395708;89654;522138;417;3850;9811;33084;17374;7900;3617;1417;21790;16637;712;5382;19;90561;107089;97237;24420;4926;306;2265;4189;39033;28;7906;275562;8388;2437;1394;233861;43325;8381;24;67856;8932;2149;925;8050;12;53983;5133;2058;3044940;151498;356792;201050;27908;101933;258136;1346;61916;1576;104543;32118;17399;12168;79957;42889;22;1333;12191;1015;1286
2020-08-23;37999;8427;41460;1045;2171;94;342154;42792;24915;25253;35274;1784;49330;294598;161;70468;81936;686;2115;155;109149;17715;1308;3605783;143;15287;1320;450;430;3509;273;18762;126817;4679;986;397665;89695;541139;417;3850;9830;33820;17471;8175;3682;1421;21923;16715;712;5382;19;91161;107769;97340;24622;4926;306;2272;4225;40671;28;7920;280459;8388;2685;1411;234494;43505;8664;24;68188;8967;2149;955;8082;12;54511;5155;2064;3106348;153535;358905;204341;27969;102663;259345;1529;62658;1609;104718;32364;17665;12448;80528;43023;22;1337;12698;1015;1286
2020-08-24;38054;8605;41858;1060;2222;94;350867;42825;25053;25495;35426;1798;49719;297083;161;70645;82092;713;2115;156;110148;18029;1562;3622861;143;15386;1338;474;430;3532;273;18762;127594;4679;987;399568;89718;551688;417;3979;9842;34463;17506;8311;3717;1451;22181;16821;712;5383;20;91608;108289;97478;24811;4926;306;2275;4304;42143;28;7938;282414;8409;2585;1421;236122;43622;8819;24;68533;9076;2149;1029;8110;12;55479;5191;2073;3167323;155412;361150;207985;28116;104472;260298;1612;63158;1639;104902;32557;17945;12448;80960;43126;22;1337;13155;1015;1290
2020-08-25;38070;8759;42228;1060;2283;94;359638;42936;25204;25706;35559;1813;50076;299628;164;70727;82447;730;2115;173;110999;18326;1562;3669995;144;15589;1338;504;430;3568;273;18973;127903;4691;995;400985;89752;562113;417;3979;9891;35305;17562;8530;3744;1474;22548;16905;712;5383;20;92217;109030;97619;24986;4926;315;2294;4327;43688;28;7981;285902;8409;2686;1429;237583;43717;8987;24;69651;9128;2149;1060;8112;12;55877;5215;2077;3224547;157859;363363;211947;28201;106460;261174;1732;63888;1716;105075;32803;18265;12683;81573;43245;22;1342;13687;1049;1295
2020-08-26;38113;8927;42619;1098;2332;94;370188;43067;25322;26033;35707;1923;50393;302147;165;70974;83030;760;2145;173;112094;18609;1562;3717156;144;15751;1352;580;430;3630;273;18973;128380;4698;998;402365;89784;572243;417;3979;9912;36307;17603;8888;3759;1484;22951;16962;712;5383;20;92557;110549;97825;25140;4928;315;2311;4387;45221;28;8002;291374;8468;2708;1436;239010;43769;9280;24;70714;9167;2205;1093;8122;12;56649;5288;2082;3310234;160165;365606;215784;28363;108403;262540;1804;64779;1756;105243;33016;18706;12683;82271;43358;22;1360;14248;1051;1298
2020-08-27;38129;9083;43016;1098;2415;94;380292;43270;25448;26361;35844;2020;50756;304583;165;71165;83500;818;2145;184;113129;18920;1562;3761391;144;15908;1352;602;431;3699;273;19142;128836;4698;1004;404102;89814;581995;422;3979;9915;37292;17702;9192;3806;1467;23169;17052;712;5383;20;92964;111219;98062;25284;4928;317;2325;4433;46407;28;8019;297485;8468;2743;1447;240571;43841;9531;24;71856;9213;2205;1140;8151;12;57669;5379;2087;3387500;162884;367796;219435;28453;110403;263949;1870;65653;1801;105408;33389;19077;12683;82945;43459;22;1366;14937;1051;1298
2020-08-28;38140;9195;43403;1124;2471;94;392009;43451;25547;26590;35986;2057;51113;306794;166;71346;83952;870;2145;195;114409;19214;1562;3804803;144;16065;1352;643;433;3745;273;19142;129342;4700;1008;405972;89836;590492;422;3979;9994;38485;17797;9549;3866;1481;23777;17125;712;5383;20;93390;112141;98285;25415;4941;317;2343;4461;48140;28;8042;304947;8505;2797;1455;242126;43949;9800;24;72921;9251;2205;1180;8161;12;58810;5511;2092;3463972;165887;369911;223612;28578;112000;265409;2011;66499;1869;105558;33630;19400;12683;83578;43587;22;1375;15613;1051;1298
2020-08-29;38143;9279;43781;1124;2551;94;401239;43626;25670;26985;36174;2135;51391;308925;170;71523;84599;964;2145;195;115354;19550;1562;3846153;144;16164;1352;749;445;3778;273;19142;129639;4700;1008;408009;89863;599884;423;3979;10007;39699;17893;9861;3925;1483;24094;17204;712;5385;20;93732;112906;98497;25537;4941;318;2363;4510;49654;28;8049;304947;8505;2895;1462;242835;44118;9977;24;73679;9251;2205;1184;8174;12;59645;5669;2100;3542733;169195;371816;227446;28720;113465;266853;2113;67353;1893;105684;33794;19699;12683;84224;43712;22;1381;16275;1051;1304
2020-08-30;38162;9380;44146;1124;2624;94;408426;43750;25746;27166;36309;2167;51574;310822;173;71687;85042;993;2145;224;115968;19793;1633;3862311;144;16190;1357;775;445;3852;273;19142;129888;4700;1012;409974;89895;607904;423;3979;10045;39699;17948;10123;3973;1487;24367;17316;712;5385;20;94241;113648;98727;25635;4941;318;2373;4561;51122;28;8077;315813;8505;2963;1469;243305;44205;10134;24;73912;9371;2205;1234;8209;12;60174;5961;2105;3621245;172053;373570;231177;28760;114020;268218;2357;67958;1966;105795;34057;19947;12683;84636;43820;22;1393;16870;1085;1304
2020-08-31;38165;9513;44494;1176;2654;94;417735;43781;25819;27438;36435;2217;51972;312996;174;71843;85236;1007;2145;225;116598;19964;1633;3908272;144;16266;1368;882;445;3884;274;19142;130918;4711;1013;411726;89914;615094;423;3979;10097;41287;18067;10269;4032;1488;24618;17410;712;5387;20;94715;113767;98939;25729;4941;319;2375;4577;52131;28;8086;318986;8533;2963;1487;244802;44298;10317;24;74074;9409;2205;1306;8224;12;61014;6139;2107;3691166;174796;375212;234934;28811;116596;269214;2459;68396;2034;105872;34201;20182;12683;85109;43898;22;1396;17308;1085;1304
2020-09-01;38196;9606;44833;1184;2729;94;428239;43878;25923;27642;36578;2276;52440;314946;176;71962;85487;1050;2145;227;117267;20234;1724;3950931;144;16454;1370;919;445;3970;274;19409;131422;4711;1017;413145;89933;624026;427;3979;10104;42184;18103;10414;4065;1490;25117;17509;712;5387;20;94979;114309;99115;25820;4965;319;2395;4618;53304;29;8142;323968;8533;3029;1510;246015;44460;10524;24;74893;9479;2205;1373;8230;12;61769;6257;2116;3769523;177571;376894;238338;29025;118538;270189;2459;69023;2097;105944;34315;20449;12683;85811;43958;22;1404;17777;1085;1305
2020-09-02;38243;9728;45158;1199;2777;94;439172;44075;26049;27969;36732;2337;52807;317528;176;72141;85911;1101;2194;227;117928;20517;1724;3997865;144;16617;1370;995;448;4048;274;19460;131941;4712;1017;414739;89953;633321;427;4628;10114;43305;18161;10725;4126;1495;25773;17620;712;5387;20;95627;115457;99280;25904;4965;319;2415;4668;54409;29;8161;331060;8538;3067;1548;247411;44658;10757;24;75644;9479;2205;1382;8258;12;62526;6622;2121;3853406;180646;378752;242284;29114;121464;271515;2683;69619;2161;106032;34493;20644;12683;86478;44036;22;1406;18375;1085;1305
2020-09-03;38288;9844;45469;1199;2805;95;451198;44271;26136;28372;36899;2386;53433;319686;177;72302;86544;1101;2194;227;118781;20804;1724;4041638;145;16775;1375;1111;448;4125;274;19604;132527;4729;1018;416501;89986;641574;448;4628;10125;44458;18208;11094;4214;1498;26452;17800;712;5387;20;96629;116360;99425;26000;4965;330;2441;4720;55213;29;8200;338220;8538;3101;1568;248840;44713;10998;24;76358;9579;2205;1401;8301;12;63158;6923;2128;3936747;184268;380746;247039;29206;124455;272912;2896;70278;2233;106121;34705;20842;12683;87378;44135;22;1410;18963;1085;1306
2020-09-04;38304;9967;45773;1215;2876;95;461882;44461;26207;28729;37031;2386;54095;321615;178;72485;87174;1152;2194;228;119580;21142;2002;4091801;145;16954;1408;1171;451;4200;274;19604;133141;4729;1023;418469;90008;641574;448;4628;10149;45680;18269;11428;4266;1502;27249;17974;712;5387;20;96629;117175;99582;26099;4972;330;2456;4780;56516;29;8225;347267;8601;3120;1596;250283;44777;11200;24;77040;9649;2245;1401;8326;12;63798;7382;2135;4023179;187537;382772;252075;29303;126419;274644;2964;70866;2301;106225;34884;21010;12683;88243;44199;22;1416;19490;1148;1306
